user_id,week_start_date,sessions,avg_session_time,engagement_score,last_active_date
U0001,08-09-2025,6,11.62,69.72,12-09-2025
U0001,15-09-2025,5,4.88,24.4,21-09-2025
U0001,22-09-2025,3,6.63,19.89,24-09-2025
U0001,29-09-2025,3,8.51,25.53,04-10-2025
U0001,06-10-2025,2,8.39,16.78,09-10-2025
U0002,18-08-2025,0,6.81,0,
U0002,25-08-2025,3,2.53,7.59,31-08-2025
U0002,01-09-2025,0,10.2,0,04-09-2025
U0002,08-09-2025,5,,,11-09-2025
U0002,15-09-2025,2,12.03,24.06,16-09-2025
U0002,22-09-2025,0,11.77,0,28-09-2025
U0002,29-09-2025,5,9.32,46.6,30-09-2025
U0002,06-10-2025,3,6.45,19.35,11-10-2025
U0003,15-09-2025,0,9.49,0,17-09-2025
U0003,22-09-2025,5,11.18,55.9,22-09-2025
U0003,29-09-2025,,4.96,,
U0003,06-10-2025,7,5.48,38.36,06-10-2025
U0004,11-08-2025,0,5.28,0,12-08-2025
U0004,18-08-2025,3,7.88,23.64,20-08-2025
U0004,25-08-2025,3,14.29,42.87,26-08-2025
U0004,01-09-2025,0,4.95,0,
U0004,08-09-2025,4,,,10-09-2025
U0004,15-09-2025,4,,,20-09-2025
U0004,22-09-2025,7,11.31,79.17,25-09-2025
U0004,29-09-2025,4,7.67,30.68,30-09-2025
U0004,06-10-2025,7,12.25,85.75,06-10-2025
U0005,08-09-2025,5,13.66,68.3,10-09-2025
U0005,15-09-2025,0,5.36,0,
U0005,22-09-2025,0,6.2,0,
U0005,29-09-2025,9,3.26,29.34,05-10-2025
U0005,06-10-2025,1,8.41,8.41,09-10-2025
U0006,11-08-2025,0,7.84,0,
U0006,18-08-2025,10,2.57,25.7,21-08-2025
U0006,25-08-2025,6,2.41,14.46,29-08-2025
U0006,01-09-2025,3,10.72,32.16,05-09-2025
U0006,08-09-2025,4,1.78,7.12,13-09-2025
U0006,15-09-2025,4,9.68,38.72,20-09-2025
U0006,22-09-2025,,9.65,,
U0006,29-09-2025,2,5.78,11.56,01-10-2025
U0006,06-10-2025,4,6.97,27.88,07-10-2025
U0007,25-08-2025,5,11.87,59.35,28-08-2025
U0007,01-09-2025,6,7.35,44.1,05-09-2025
U0007,08-09-2025,6,,,12-09-2025
U0007,15-09-2025,4,6.76,27.04,16-09-2025
U0007,22-09-2025,6,10.91,65.46,27-09-2025
U0007,29-09-2025,6,8.12,48.72,29-09-2025
U0007,06-10-2025,1,6.15,6.15,10-10-2025
U0008,21-07-2025,1,6.18,6.18,24-07-2025
U0008,28-07-2025,7,9.8,,30-07-2025
U0008,04-08-2025,0,9.91,0,
U0008,11-08-2025,11,10.8,118.8,14-08-2025
U0008,18-08-2025,4,4.61,18.44,22-08-2025
U0008,25-08-2025,8,8.46,67.68,
U0008,01-09-2025,1,3.09,3.09,02-09-2025
U0008,08-09-2025,1,7.18,7.18,08-09-2025
U0008,15-09-2025,0,8.52,0,19-09-2025
U0008,22-09-2025,6,12.41,74.46,26-09-2025
U0009,21-07-2025,2,1.86,3.72,22-07-2025
U0009,28-07-2025,5,,,01-08-2025
U0009,04-08-2025,0,13.47,0,06-08-2025
U0009,11-08-2025,6,7.05,42.3,17-08-2025
U0009,18-08-2025,6,5.68,34.08,22-08-2025
U0009,25-08-2025,,11.55,,
U0009,01-09-2025,1,8.74,8.74,03-09-2025
U0009,08-09-2025,5,5.04,25.2,12-09-2025
U0009,15-09-2025,6,6.78,40.68,19-09-2025
U0009,22-09-2025,7,0.2,1.4,28-09-2025
U0010,14-07-2025,6,9.04,54.24,20-07-2025
U0010,21-07-2025,4,8.76,35.04,27-07-2025
U0010,28-07-2025,3,8.07,24.21,02-08-2025
U0010,04-08-2025,6,8.23,49.38,04-08-2025
U0010,11-08-2025,7,5.76,40.32,12-08-2025
U0010,18-08-2025,4,11.49,45.96,23-08-2025
U0010,25-08-2025,0,,,
U0010,01-09-2025,10,10.19,101.9,03-09-2025
U0010,08-09-2025,4,,,11-09-2025
U0010,15-09-2025,3,3.16,9.48,
U0011,04-08-2025,7,8.3,58.1,05-08-2025
U0011,11-08-2025,,13.12,,
U0011,18-08-2025,0,6.44,0,
U0011,25-08-2025,3,4.35,13.05,29-08-2025
U0011,01-09-2025,3,8.97,26.91,02-09-2025
U0011,08-09-2025,2,8.27,16.54,08-09-2025
U0011,15-09-2025,5,7.25,36.25,20-09-2025
U0011,22-09-2025,3,12.51,37.53,26-09-2025
U0011,29-09-2025,2,,,04-10-2025
U0011,06-10-2025,3,9.53,,09-10-2025
U0012,28-07-2025,2,1.7,3.4,28-07-2025
U0012,04-08-2025,8,5.19,41.52,06-08-2025
U0012,11-08-2025,1,3.71,3.71,16-08-2025
U0012,18-08-2025,2,10.58,21.16,20-08-2025
U0012,25-08-2025,6,7.34,44.04,30-08-2025
U0012,01-09-2025,6,9.31,55.86,05-09-2025
U0012,08-09-2025,0,12.42,0,10-09-2025
U0012,15-09-2025,11,7.78,85.58,20-09-2025
U0012,22-09-2025,0,9,0,
U0012,29-09-2025,11,8.04,88.44,30-09-2025
U0013,08-09-2025,0,5.37,0,
U0013,15-09-2025,4,17.64,70.56,21-09-2025
U0013,22-09-2025,4,6.85,27.4,
U0013,29-09-2025,5,8.49,42.45,05-10-2025
U0013,06-10-2025,6,10.26,61.56,07-10-2025
U0014,18-08-2025,1,10.23,10.23,24-08-2025
U0014,25-08-2025,0,13.54,0,
U0014,01-09-2025,6,4.45,26.7,07-09-2025
U0014,08-09-2025,4,3.14,12.56,12-09-2025
U0014,15-09-2025,2,11.04,22.08,16-09-2025
U0014,22-09-2025,0,9.31,0,25-09-2025
U0014,29-09-2025,3,9.46,28.38,03-10-2025
U0014,06-10-2025,7,,,
U0015,08-09-2025,11,6.09,66.99,13-09-2025
U0015,15-09-2025,3,9.17,27.51,20-09-2025
U0015,22-09-2025,1,13.25,13.25,22-09-2025
U0015,29-09-2025,4,13.56,54.24,29-09-2025
U0015,06-10-2025,5,11.89,59.45,11-10-2025
U0016,08-09-2025,6,4.36,26.16,10-09-2025
U0016,15-09-2025,0,9.69,0,
U0016,22-09-2025,5,8.02,,24-09-2025
U0016,29-09-2025,6,8.28,49.68,02-10-2025
U0016,06-10-2025,2,5.09,10.18,10-10-2025
U0017,11-08-2025,6,2.64,15.84,11-08-2025
U0017,18-08-2025,2,13.65,27.3,20-08-2025
U0017,25-08-2025,5,7.05,35.25,26-08-2025
U0017,01-09-2025,5,13.95,69.75,01-09-2025
U0017,08-09-2025,0,8.74,0,
U0017,15-09-2025,2,10.44,20.88,17-09-2025
U0017,22-09-2025,9,12.47,112.23,24-09-2025
U0017,29-09-2025,1,8.94,8.94,01-10-2025
U0017,06-10-2025,0,4.67,0,
U0018,01-09-2025,1,8.01,8.01,07-09-2025
U0018,08-09-2025,2,1.82,3.64,10-09-2025
U0018,15-09-2025,2,3.63,7.26,
U0018,22-09-2025,2,2.81,5.62,24-09-2025
U0018,29-09-2025,6,11.5,69,05-10-2025
U0018,06-10-2025,6,7.9,47.4,09-10-2025
U0019,18-08-2025,5,5.62,28.1,19-08-2025
U0019,25-08-2025,4,8.37,33.48,27-08-2025
U0019,01-09-2025,1,5.12,5.12,04-09-2025
U0019,08-09-2025,2,8.2,16.4,11-09-2025
U0019,15-09-2025,5,2.43,12.15,19-09-2025
U0019,22-09-2025,5,8.47,42.35,
U0019,29-09-2025,2,8.14,16.28,04-10-2025
U0019,06-10-2025,6,,,12-10-2025
U0020,21-07-2025,1,8.98,8.98,21-07-2025
U0020,28-07-2025,3,6.85,20.55,31-07-2025
U0020,04-08-2025,2,10.08,20.16,07-08-2025
U0020,11-08-2025,1,7.93,7.93,14-08-2025
U0020,18-08-2025,5,6.63,33.15,18-08-2025
U0020,25-08-2025,,6.39,,26-08-2025
U0020,01-09-2025,0,3.79,0,
U0020,08-09-2025,1,4.07,4.07,10-09-2025
U0020,15-09-2025,3,6.87,20.61,
U0020,22-09-2025,4,7.73,30.92,26-09-2025
U0021,28-07-2025,9,11.65,104.85,28-07-2025
U0021,04-08-2025,1,6.84,6.84,09-08-2025
U0021,11-08-2025,1,6.76,6.76,17-08-2025
U0021,18-08-2025,3,6.13,18.39,23-08-2025
U0021,25-08-2025,7,11.28,78.96,25-08-2025
U0021,01-09-2025,1,11.27,11.27,07-09-2025
U0021,08-09-2025,4,8.38,33.52,11-09-2025
U0021,15-09-2025,1,12.83,12.83,20-09-2025
U0021,22-09-2025,10,11.9,119,25-09-2025
U0021,29-09-2025,1,8.5,8.5,04-10-2025
U0022,08-09-2025,1,13.54,13.54,10-09-2025
U0022,15-09-2025,0,11.03,0,
U0022,22-09-2025,6,7.34,44.04,23-09-2025
U0022,29-09-2025,6,,,29-09-2025
U0022,06-10-2025,0,8.67,0,
U0023,08-09-2025,1,4.94,4.94,14-09-2025
U0023,15-09-2025,1,7.61,7.61,21-09-2025
U0023,22-09-2025,6,4.31,25.86,24-09-2025
U0023,29-09-2025,3,6.13,18.39,02-10-2025
U0023,06-10-2025,7,7.39,51.73,06-10-2025
U0024,08-09-2025,0,7.62,0,
U0024,15-09-2025,2,9.15,18.3,16-09-2025
U0024,22-09-2025,3,10.62,31.86,23-09-2025
U0024,29-09-2025,5,10.82,54.1,03-10-2025
U0024,06-10-2025,1,5.82,5.82,10-10-2025
U0025,28-07-2025,8,5.3,42.4,29-07-2025
U0025,04-08-2025,4,5.83,23.32,10-08-2025
U0025,11-08-2025,0,10.58,0,
U0025,18-08-2025,4,11.12,44.48,19-08-2025
U0025,25-08-2025,4,0.73,2.92,27-08-2025
U0025,01-09-2025,3,4.79,14.37,07-09-2025
U0025,08-09-2025,7,8.81,61.67,11-09-2025
U0025,15-09-2025,1,4.66,,16-09-2025
U0025,22-09-2025,7,4.48,31.36,27-09-2025
U0025,29-09-2025,0,10.41,0,
U0026,04-08-2025,6,5.16,30.96,07-08-2025
U0026,11-08-2025,7,5.68,39.76,16-08-2025
U0026,18-08-2025,1,1.34,1.34,21-08-2025
U0026,25-08-2025,9,5.65,50.85,
U0026,01-09-2025,6,7.03,42.18,01-09-2025
U0026,08-09-2025,8,5.72,,09-09-2025
U0026,15-09-2025,6,9.55,57.3,21-09-2025
U0026,22-09-2025,1,5.05,5.05,
U0026,29-09-2025,2,5.13,10.26,05-10-2025
U0026,06-10-2025,1,8.83,8.83,12-10-2025
U0027,21-07-2025,1,4.98,4.98,23-07-2025
U0027,28-07-2025,0,5.43,0,
U0027,04-08-2025,3,5.24,15.72,04-08-2025
U0027,11-08-2025,6,5.92,35.52,15-08-2025
U0027,18-08-2025,6,6.06,36.36,22-08-2025
U0027,25-08-2025,0,3.85,0,
U0027,01-09-2025,3,9.98,29.94,05-09-2025
U0027,08-09-2025,1,6.94,6.94,10-09-2025
U0027,15-09-2025,7,8.93,62.51,21-09-2025
U0027,22-09-2025,6,8.63,51.78,23-09-2025
U0028,08-09-2025,0,13.01,,
U0028,15-09-2025,5,11.72,58.6,19-09-2025
U0028,22-09-2025,1,6.5,6.5,25-09-2025
U0028,29-09-2025,1,8.03,8.03,02-10-2025
U0028,06-10-2025,1,5.13,5.13,10-10-2025
U0029,25-08-2025,2,9.34,18.68,28-08-2025
U0029,01-09-2025,4,3.7,14.8,04-09-2025
U0029,08-09-2025,6,8.72,52.32,12-09-2025
U0029,15-09-2025,0,12.76,0,
U0029,22-09-2025,2,10.07,20.14,25-09-2025
U0029,29-09-2025,7,14.21,99.47,04-10-2025
U0029,06-10-2025,6,,,09-10-2025
U0030,08-09-2025,9,11.17,100.53,09-09-2025
U0030,15-09-2025,4,5.49,21.96,17-09-2025
U0030,22-09-2025,8,5.27,42.16,23-09-2025
U0030,29-09-2025,4,6.36,25.44,04-10-2025
U0030,06-10-2025,3,9.44,28.32,11-10-2025
U0031,21-07-2025,10,9.97,99.7,25-07-2025
U0031,28-07-2025,8,9.87,78.96,30-07-2025
U0031,04-08-2025,9,3.61,32.49,04-08-2025
U0031,11-08-2025,1,3.99,3.99,13-08-2025
U0031,18-08-2025,6,12.45,,22-08-2025
U0031,25-08-2025,3,7.28,21.84,29-08-2025
U0031,01-09-2025,0,,,05-09-2025
U0031,08-09-2025,4,7,28,10-09-2025
U0031,15-09-2025,1,3.22,3.22,20-09-2025
U0031,22-09-2025,6,7.23,43.38,24-09-2025
U0032,25-08-2025,3,10.49,31.47,
U0032,01-09-2025,1,6.09,6.09,04-09-2025
U0032,08-09-2025,6,8.3,49.8,14-09-2025
U0032,15-09-2025,0,7.37,0,
U0032,22-09-2025,0,10.9,0,
U0032,29-09-2025,2,6.16,12.32,
U0032,06-10-2025,6,11.69,70.14,07-10-2025
U0033,08-09-2025,7,4.75,33.25,10-09-2025
U0033,15-09-2025,2,11.45,22.9,21-09-2025
U0033,22-09-2025,1,7.9,7.9,24-09-2025
U0033,29-09-2025,2,4.99,9.98,03-10-2025
U0033,06-10-2025,5,10.06,50.3,07-10-2025
U0034,01-09-2025,10,4.84,48.4,01-09-2025
U0034,08-09-2025,4,7.11,28.44,10-09-2025
U0034,15-09-2025,2,12.23,24.46,17-09-2025
U0034,22-09-2025,2,11.13,22.26,28-09-2025
U0034,29-09-2025,5,9.61,48.05,29-09-2025
U0034,06-10-2025,,6.95,,
U0035,11-08-2025,2,15.38,30.76,14-08-2025
U0035,18-08-2025,8,8.61,68.88,24-08-2025
U0035,25-08-2025,8,9.02,72.16,30-08-2025
U0035,01-09-2025,5,7.39,36.95,01-09-2025
U0035,08-09-2025,1,6.31,6.31,13-09-2025
U0035,15-09-2025,2,8.1,16.2,16-09-2025
U0035,22-09-2025,0,3.23,0,
U0035,29-09-2025,8,3.31,26.48,29-09-2025
U0035,06-10-2025,6,13.29,79.74,
U0036,21-07-2025,4,11,44,27-07-2025
U0036,28-07-2025,3,8.87,26.61,28-07-2025
U0036,04-08-2025,5,6.87,34.35,04-08-2025
U0036,11-08-2025,2,10.32,20.64,13-08-2025
U0036,18-08-2025,2,4.61,9.22,24-08-2025
U0036,25-08-2025,0,9.18,0,29-08-2025
U0036,01-09-2025,3,6.48,19.44,03-09-2025
U0036,08-09-2025,1,8.62,8.62,10-09-2025
U0036,15-09-2025,0,10.05,0,
U0036,22-09-2025,0,10.62,0,
U0037,21-07-2025,3,10.33,30.99,27-07-2025
U0037,28-07-2025,6,6.6,39.6,03-08-2025
U0037,04-08-2025,2,11.25,22.5,06-08-2025
U0037,11-08-2025,,3.1,,13-08-2025
U0037,18-08-2025,3,5.31,15.93,23-08-2025
U0037,25-08-2025,3,4.07,12.21,25-08-2025
U0037,01-09-2025,5,4.4,22,05-09-2025
U0037,08-09-2025,1,5.17,5.17,13-09-2025
U0037,15-09-2025,6,8.89,53.34,16-09-2025
U0037,22-09-2025,4,11.23,44.92,28-09-2025
U0038,21-07-2025,0,5.18,0,
U0038,28-07-2025,3,6.7,,31-07-2025
U0038,04-08-2025,0,8.09,0,
U0038,11-08-2025,1,8.67,8.67,12-08-2025
U0038,18-08-2025,1,5,5,20-08-2025
U0038,25-08-2025,3,5.76,17.28,26-08-2025
U0038,01-09-2025,7,4.61,32.27,01-09-2025
U0038,08-09-2025,0,12.25,0,
U0038,15-09-2025,0,3.38,0,
U0038,22-09-2025,1,3.04,3.04,
U0039,21-07-2025,1,6.07,6.07,23-07-2025
U0039,28-07-2025,0,8.06,0,
U0039,04-08-2025,1,8.3,8.3,04-08-2025
U0039,11-08-2025,0,8.93,0,
U0039,18-08-2025,7,7.15,50.05,19-08-2025
U0039,25-08-2025,6,11.66,69.96,25-08-2025
U0039,01-09-2025,3,8.91,26.73,01-09-2025
U0039,08-09-2025,8,10.06,80.48,09-09-2025
U0039,15-09-2025,2,4.96,9.92,21-09-2025
U0039,22-09-2025,8,9.7,77.6,
U0040,25-08-2025,1,12.45,12.45,30-08-2025
U0040,01-09-2025,1,5.58,5.58,01-09-2025
U0040,08-09-2025,4,9.23,36.92,12-09-2025
U0040,15-09-2025,7,16.47,115.29,16-09-2025
U0040,22-09-2025,0,5.11,0,
U0040,29-09-2025,1,5.1,5.1,30-09-2025
U0040,06-10-2025,6,5.17,31.02,07-10-2025
U0041,21-07-2025,2,13.31,26.62,24-07-2025
U0041,28-07-2025,0,,,
U0041,04-08-2025,9,9.8,88.2,10-08-2025
U0041,11-08-2025,,7.96,,14-08-2025
U0041,18-08-2025,3,6.01,18.03,18-08-2025
U0041,25-08-2025,4,7.21,28.84,27-08-2025
U0041,01-09-2025,0,10.45,0,
U0041,08-09-2025,0,,,
U0041,15-09-2025,0,3.03,0,18-09-2025
U0041,22-09-2025,2,7.38,14.76,22-09-2025
U0042,14-07-2025,1,6.97,6.97,19-07-2025
U0042,21-07-2025,1,,,25-07-2025
U0042,28-07-2025,3,12.49,37.47,28-07-2025
U0042,04-08-2025,4,1.81,7.24,04-08-2025
U0042,11-08-2025,5,11.76,58.8,15-08-2025
U0042,18-08-2025,5,12.01,60.05,23-08-2025
U0042,25-08-2025,,8.13,,
U0042,01-09-2025,1,14.31,,03-09-2025
U0042,08-09-2025,2,10.85,21.7,14-09-2025
U0042,15-09-2025,5,7.4,37,19-09-2025
U0043,21-07-2025,1,7.84,7.84,26-07-2025
U0043,28-07-2025,14,6.17,86.38,03-08-2025
U0043,04-08-2025,,4.95,,
U0043,11-08-2025,7,,,13-08-2025
U0043,18-08-2025,10,7.28,72.8,20-08-2025
U0043,25-08-2025,1,5.22,5.22,30-08-2025
U0043,01-09-2025,1,9.04,9.04,04-09-2025
U0043,08-09-2025,4,4.23,16.92,08-09-2025
U0043,15-09-2025,0,11.91,0,
U0043,22-09-2025,6,7.43,44.58,27-09-2025
U0044,08-09-2025,5,5.62,28.1,14-09-2025
U0044,15-09-2025,0,8.55,0,
U0044,22-09-2025,1,2.96,2.96,
U0044,29-09-2025,0,11.04,0,
U0044,06-10-2025,1,6.2,6.2,12-10-2025
U0045,28-07-2025,3,4.27,12.81,30-07-2025
U0045,04-08-2025,0,9.48,0,04-08-2025
U0045,11-08-2025,7,5.58,39.06,17-08-2025
U0045,18-08-2025,1,11.64,11.64,18-08-2025
U0045,25-08-2025,0,11.68,0,28-08-2025
U0045,01-09-2025,5,9.38,46.9,
U0045,08-09-2025,6,10.87,65.22,10-09-2025
U0045,15-09-2025,4,7.63,30.52,19-09-2025
U0045,22-09-2025,2,5.52,11.04,23-09-2025
U0045,29-09-2025,0,9.86,0,
U0046,28-07-2025,0,6.47,0,28-07-2025
U0046,04-08-2025,0,11.35,0,04-08-2025
U0046,11-08-2025,3,13.1,39.3,15-08-2025
U0046,18-08-2025,2,10.26,20.52,20-08-2025
U0046,25-08-2025,2,9.63,19.26,26-08-2025
U0046,01-09-2025,0,9.14,0,
U0046,08-09-2025,3,8.84,26.52,11-09-2025
U0046,15-09-2025,9,1.84,,19-09-2025
U0046,22-09-2025,1,6.98,6.98,27-09-2025
U0046,29-09-2025,7,11.68,81.76,30-09-2025
U0047,18-08-2025,7,7.12,49.84,23-08-2025
U0047,25-08-2025,7,5.31,37.17,31-08-2025
U0047,01-09-2025,6,,,06-09-2025
U0047,08-09-2025,5,6.7,,11-09-2025
U0047,15-09-2025,6,11.13,66.78,17-09-2025
U0047,22-09-2025,5,15.77,78.85,27-09-2025
U0047,29-09-2025,5,7.74,38.7,05-10-2025
U0047,06-10-2025,1,8.62,8.62,07-10-2025
U0048,04-08-2025,1,7.48,7.48,07-08-2025
U0048,11-08-2025,3,10.95,32.85,16-08-2025
U0048,18-08-2025,2,3.83,7.66,20-08-2025
U0048,25-08-2025,1,6.61,6.61,25-08-2025
U0048,01-09-2025,5,6.87,34.35,02-09-2025
U0048,08-09-2025,2,9.92,19.84,08-09-2025
U0048,15-09-2025,5,7.17,35.85,15-09-2025
U0048,22-09-2025,3,9.25,27.75,25-09-2025
U0048,29-09-2025,8,7.31,58.48,29-09-2025
U0048,06-10-2025,4,9.71,,08-10-2025
U0049,08-09-2025,6,8.16,48.96,13-09-2025
U0049,15-09-2025,2,10.35,20.7,17-09-2025
U0049,22-09-2025,2,7.12,14.24,26-09-2025
U0049,29-09-2025,2,10.77,21.54,30-09-2025
U0049,06-10-2025,5,4.72,23.6,08-10-2025
U0050,18-08-2025,3,6.99,20.97,20-08-2025
U0050,25-08-2025,2,7.51,15.02,
U0050,01-09-2025,9,3.29,29.61,07-09-2025
U0050,08-09-2025,7,10.97,76.79,10-09-2025
U0050,15-09-2025,4,10.23,40.92,19-09-2025
U0050,22-09-2025,1,7.65,7.65,27-09-2025
U0050,29-09-2025,5,5.67,28.35,04-10-2025
U0050,06-10-2025,0,8.57,0,
U0051,28-07-2025,3,3.79,11.37,01-08-2025
U0051,04-08-2025,4,8.42,33.68,06-08-2025
U0051,11-08-2025,0,3.46,0,
U0051,18-08-2025,3,5.35,16.05,24-08-2025
U0051,25-08-2025,3,9.98,29.94,29-08-2025
U0051,01-09-2025,4,7.05,28.2,07-09-2025
U0051,08-09-2025,3,9.05,27.15,13-09-2025
U0051,15-09-2025,2,3.72,7.44,21-09-2025
U0051,22-09-2025,2,10.18,20.36,24-09-2025
U0051,29-09-2025,2,9.45,18.9,03-10-2025
U0052,21-07-2025,3,7.96,23.88,
U0052,28-07-2025,2,,,01-08-2025
U0052,04-08-2025,1,8.76,8.76,08-08-2025
U0052,11-08-2025,3,8.99,26.97,17-08-2025
U0052,18-08-2025,5,5.02,25.1,22-08-2025
U0052,25-08-2025,2,,,27-08-2025
U0052,01-09-2025,7,11.56,80.92,04-09-2025
U0052,08-09-2025,5,9.15,45.75,13-09-2025
U0052,15-09-2025,7,7.67,53.69,
U0052,22-09-2025,3,5.65,16.95,28-09-2025
U0053,28-07-2025,7,0.2,1.4,03-08-2025
U0053,04-08-2025,0,13.67,0,
U0053,11-08-2025,2,6.8,13.6,14-08-2025
U0053,18-08-2025,5,6.74,33.7,24-08-2025
U0053,25-08-2025,2,3.95,7.9,26-08-2025
U0053,01-09-2025,3,6.58,19.74,05-09-2025
U0053,08-09-2025,7,7.6,53.2,12-09-2025
U0053,15-09-2025,5,8.14,40.7,21-09-2025
U0053,22-09-2025,2,1.71,3.42,24-09-2025
U0053,29-09-2025,3,,,02-10-2025
U0054,11-08-2025,2,2.76,5.52,14-08-2025
U0054,18-08-2025,6,6.72,40.32,19-08-2025
U0054,25-08-2025,0,4.05,0,
U0054,01-09-2025,2,0.36,0.72,01-09-2025
U0054,08-09-2025,0,8.59,0,
U0054,15-09-2025,3,7.77,23.31,20-09-2025
U0054,22-09-2025,5,4.49,22.45,23-09-2025
U0054,29-09-2025,5,7.7,38.5,
U0054,06-10-2025,1,6.71,6.71,08-10-2025
U0055,11-08-2025,2,,,16-08-2025
U0055,18-08-2025,0,4.21,0,
U0055,25-08-2025,1,8.45,8.45,30-08-2025
U0055,01-09-2025,4,7.69,30.76,01-09-2025
U0055,08-09-2025,3,7.71,23.13,12-09-2025
U0055,15-09-2025,0,7.58,0,15-09-2025
U0055,22-09-2025,8,3.54,28.32,24-09-2025
U0055,29-09-2025,8,8.41,67.28,03-10-2025
U0055,06-10-2025,1,7.12,7.12,08-10-2025
U0056,21-07-2025,1,10.34,10.34,26-07-2025
U0056,28-07-2025,9,16.45,148.05,28-07-2025
U0056,04-08-2025,1,4.09,4.09,08-08-2025
U0056,11-08-2025,3,7.33,21.99,12-08-2025
U0056,18-08-2025,3,14.04,42.12,22-08-2025
U0056,25-08-2025,6,6.27,37.62,31-08-2025
U0056,01-09-2025,7,12.1,84.7,05-09-2025
U0056,08-09-2025,6,7.13,42.78,09-09-2025
U0056,15-09-2025,0,6.52,0,
U0056,22-09-2025,3,7.53,22.59,22-09-2025
U0057,25-08-2025,2,7.04,14.08,30-08-2025
U0057,01-09-2025,7,8.36,58.52,06-09-2025
U0057,08-09-2025,6,5.61,33.66,14-09-2025
U0057,15-09-2025,5,8.11,40.55,19-09-2025
U0057,22-09-2025,2,10.88,,24-09-2025
U0057,29-09-2025,6,8.58,51.48,02-10-2025
U0057,06-10-2025,0,11.31,0,09-10-2025
U0058,18-08-2025,7,10.46,73.22,24-08-2025
U0058,25-08-2025,2,5.89,11.78,26-08-2025
U0058,01-09-2025,4,2.05,8.2,02-09-2025
U0058,08-09-2025,6,5.81,34.86,14-09-2025
U0058,15-09-2025,,1.43,,
U0058,22-09-2025,8,12.1,96.8,26-09-2025
U0058,29-09-2025,0,3.64,0,04-10-2025
U0058,06-10-2025,8,8.63,69.04,
U0059,25-08-2025,0,7.84,0,
U0059,01-09-2025,0,10.83,0,
U0059,08-09-2025,,13.91,,
U0059,15-09-2025,5,9.89,49.45,20-09-2025
U0059,22-09-2025,6,4.73,28.38,25-09-2025
U0059,29-09-2025,5,10.54,52.7,03-10-2025
U0059,06-10-2025,0,9.42,0,
U0060,11-08-2025,3,4.33,12.99,13-08-2025
U0060,18-08-2025,5,10.37,51.85,24-08-2025
U0060,25-08-2025,2,11.63,23.26,31-08-2025
U0060,01-09-2025,2,16.72,33.44,07-09-2025
U0060,08-09-2025,1,8.33,8.33,08-09-2025
U0060,15-09-2025,2,8.93,17.86,17-09-2025
U0060,22-09-2025,0,6.93,0,
U0060,29-09-2025,7,12.46,87.22,30-09-2025
U0060,06-10-2025,3,8.52,25.56,08-10-2025
U0061,01-09-2025,0,,,
U0061,08-09-2025,2,8.4,16.8,11-09-2025
U0061,15-09-2025,4,7.97,31.88,20-09-2025
U0061,22-09-2025,2,9.62,19.24,25-09-2025
U0061,29-09-2025,4,15.9,63.6,29-09-2025
U0061,06-10-2025,,12.95,,12-10-2025
U0062,25-08-2025,4,12.89,51.56,29-08-2025
U0062,01-09-2025,,8.39,,
U0062,08-09-2025,4,6.82,27.28,09-09-2025
U0062,15-09-2025,,8.65,,
U0062,22-09-2025,1,11.87,11.87,23-09-2025
U0062,29-09-2025,3,7.9,23.7,01-10-2025
U0062,06-10-2025,1,5.24,5.24,12-10-2025
U0063,28-07-2025,5,7.02,35.1,01-08-2025
U0063,04-08-2025,5,8.94,44.7,04-08-2025
U0063,11-08-2025,3,1.67,5.01,17-08-2025
U0063,18-08-2025,0,10.65,0,
U0063,25-08-2025,3,6.38,19.14,26-08-2025
U0063,01-09-2025,3,10.04,30.12,06-09-2025
U0063,08-09-2025,1,,,08-09-2025
U0063,15-09-2025,3,7.34,22.02,21-09-2025
U0063,22-09-2025,8,7.57,60.56,25-09-2025
U0063,29-09-2025,2,11.07,22.14,30-09-2025
U0064,11-08-2025,2,11.85,23.7,16-08-2025
U0064,18-08-2025,0,9.89,0,
U0064,25-08-2025,4,8.09,32.36,28-08-2025
U0064,01-09-2025,0,4.05,0,
U0064,08-09-2025,5,4.37,21.85,13-09-2025
U0064,15-09-2025,4,10.33,41.32,18-09-2025
U0064,22-09-2025,5,9.42,47.1,28-09-2025
U0064,29-09-2025,0,7.74,0,
U0064,06-10-2025,4,5.59,22.36,09-10-2025
U0065,28-07-2025,0,7.68,0,
U0065,04-08-2025,0,10.58,0,
U0065,11-08-2025,2,10.99,21.98,17-08-2025
U0065,18-08-2025,9,12.62,113.58,18-08-2025
U0065,25-08-2025,0,10.01,0,
U0065,01-09-2025,,10.37,,
U0065,08-09-2025,2,9.77,19.54,14-09-2025
U0065,15-09-2025,1,6.41,6.41,20-09-2025
U0065,22-09-2025,6,4.51,27.06,23-09-2025
U0065,29-09-2025,2,9.06,18.12,05-10-2025
U0066,01-09-2025,1,10.13,10.13,05-09-2025
U0066,08-09-2025,8,7.14,57.12,08-09-2025
U0066,15-09-2025,2,4.56,9.12,21-09-2025
U0066,22-09-2025,4,8.42,33.68,27-09-2025
U0066,29-09-2025,1,8.33,8.33,02-10-2025
U0066,06-10-2025,0,10.05,0,
U0067,11-08-2025,3,5.11,15.33,15-08-2025
U0067,18-08-2025,1,6.52,6.52,22-08-2025
U0067,25-08-2025,1,14.73,14.73,25-08-2025
U0067,01-09-2025,0,9.94,0,
U0067,08-09-2025,5,10.12,50.6,
U0067,15-09-2025,1,6.37,6.37,18-09-2025
U0067,22-09-2025,0,8.94,0,
U0067,29-09-2025,9,10.44,93.96,01-10-2025
U0067,06-10-2025,5,8,40,10-10-2025
U0068,11-08-2025,,6.66,,
U0068,18-08-2025,0,8.56,0,20-08-2025
U0068,25-08-2025,4,14.05,56.2,28-08-2025
U0068,01-09-2025,4,7.96,31.84,06-09-2025
U0068,08-09-2025,4,9.34,37.36,
U0068,15-09-2025,0,0.51,0,
U0068,22-09-2025,7,3.24,22.68,27-09-2025
U0068,29-09-2025,4,0.94,3.76,01-10-2025
U0068,06-10-2025,3,3.88,11.64,
U0069,14-07-2025,3,5.81,17.43,
U0069,21-07-2025,0,10.08,0,25-07-2025
U0069,28-07-2025,2,6.25,12.5,30-07-2025
U0069,04-08-2025,3,9.34,28.02,04-08-2025
U0069,11-08-2025,7,9.51,66.57,11-08-2025
U0069,18-08-2025,2,6.27,12.54,19-08-2025
U0069,25-08-2025,2,11.22,22.44,30-08-2025
U0069,01-09-2025,5,6.81,34.05,02-09-2025
U0069,08-09-2025,11,7.29,80.19,11-09-2025
U0069,15-09-2025,0,6.11,0,15-09-2025
U0070,21-07-2025,1,11.75,11.75,26-07-2025
U0070,28-07-2025,1,6.89,6.89,31-07-2025
U0070,04-08-2025,4,9.88,39.52,09-08-2025
U0070,11-08-2025,0,13.54,0,
U0070,18-08-2025,1,4.2,4.2,18-08-2025
U0070,25-08-2025,5,9.77,48.85,27-08-2025
U0070,01-09-2025,5,4,20,
U0070,08-09-2025,0,7.82,0,10-09-2025
U0070,15-09-2025,6,3.47,20.82,21-09-2025
U0070,22-09-2025,3,4.5,13.5,
U0071,04-08-2025,2,2.97,5.94,07-08-2025
U0071,11-08-2025,12,12.44,149.28,17-08-2025
U0071,18-08-2025,5,8.36,41.8,23-08-2025
U0071,25-08-2025,4,11.56,46.24,30-08-2025
U0071,01-09-2025,3,12,36,06-09-2025
U0071,08-09-2025,0,8.15,0,14-09-2025
U0071,15-09-2025,1,,,17-09-2025
U0071,22-09-2025,0,4.34,0,
U0071,29-09-2025,0,,,
U0071,06-10-2025,6,7.91,47.46,06-10-2025
U0072,04-08-2025,1,7.31,7.31,05-08-2025
U0072,11-08-2025,5,10.14,50.7,13-08-2025
U0072,18-08-2025,1,11.6,11.6,22-08-2025
U0072,25-08-2025,2,6.39,12.78,31-08-2025
U0072,01-09-2025,,4.09,,
U0072,08-09-2025,2,8.86,17.72,08-09-2025
U0072,15-09-2025,7,8.05,56.35,16-09-2025
U0072,22-09-2025,5,10.25,51.25,26-09-2025
U0072,29-09-2025,4,6.97,27.88,01-10-2025
U0072,06-10-2025,8,3.53,28.24,10-10-2025
U0073,08-09-2025,4,6.94,27.76,09-09-2025
U0073,15-09-2025,1,9.34,9.34,15-09-2025
U0073,22-09-2025,1,8.88,8.88,22-09-2025
U0073,29-09-2025,5,8.96,44.8,30-09-2025
U0073,06-10-2025,7,8.71,60.97,10-10-2025
U0074,11-08-2025,0,3.57,0,11-08-2025
U0074,18-08-2025,6,4.8,28.8,24-08-2025
U0074,25-08-2025,11,9.31,102.41,28-08-2025
U0074,01-09-2025,0,8.98,0,
U0074,08-09-2025,1,7.31,7.31,13-09-2025
U0074,15-09-2025,2,9.13,18.26,21-09-2025
U0074,22-09-2025,5,7.7,38.5,24-09-2025
U0074,29-09-2025,2,12.94,25.88,03-10-2025
U0074,06-10-2025,5,6.31,31.55,06-10-2025
U0075,18-08-2025,7,12.27,85.89,24-08-2025
U0075,25-08-2025,1,7.53,7.53,28-08-2025
U0075,01-09-2025,11,10.23,112.53,06-09-2025
U0075,08-09-2025,3,6.19,18.57,14-09-2025
U0075,15-09-2025,0,5.47,0,15-09-2025
U0075,22-09-2025,7,7.46,52.22,28-09-2025
U0075,29-09-2025,6,4.38,26.28,29-09-2025
U0075,06-10-2025,4,8.13,32.52,08-10-2025
U0076,28-07-2025,4,1.84,7.36,02-08-2025
U0076,04-08-2025,5,5.28,26.4,08-08-2025
U0076,11-08-2025,6,6.76,40.56,16-08-2025
U0076,18-08-2025,5,10.57,52.85,20-08-2025
U0076,25-08-2025,2,7.02,14.04,26-08-2025
U0076,01-09-2025,7,6.22,43.54,02-09-2025
U0076,08-09-2025,0,7.15,0,
U0076,15-09-2025,3,9.65,28.95,17-09-2025
U0076,22-09-2025,4,9.38,37.52,24-09-2025
U0076,29-09-2025,0,7.01,0,30-09-2025
U0077,08-09-2025,0,8.23,0,
U0077,15-09-2025,1,7.4,7.4,20-09-2025
U0077,22-09-2025,6,2.75,16.5,24-09-2025
U0077,29-09-2025,0,,,03-10-2025
U0077,06-10-2025,2,6.84,13.68,09-10-2025
U0078,25-08-2025,6,13.11,78.66,29-08-2025
U0078,01-09-2025,7,4.91,34.37,03-09-2025
U0078,08-09-2025,0,4.21,0,
U0078,15-09-2025,3,7.37,22.11,17-09-2025
U0078,22-09-2025,5,8.87,44.35,23-09-2025
U0078,29-09-2025,2,6.65,13.3,01-10-2025
U0078,06-10-2025,1,5.55,5.55,06-10-2025
U0079,25-08-2025,7,10.19,71.33,28-08-2025
U0079,01-09-2025,3,10.77,32.31,03-09-2025
U0079,08-09-2025,0,5.12,0,
U0079,15-09-2025,2,6.02,12.04,16-09-2025
U0079,22-09-2025,0,4.98,0,23-09-2025
U0079,29-09-2025,6,7.92,,05-10-2025
U0079,06-10-2025,7,4.96,34.72,08-10-2025
U0080,18-08-2025,2,7.49,14.98,19-08-2025
U0080,25-08-2025,0,9.07,0,
U0080,01-09-2025,0,6.36,0,
U0080,08-09-2025,6,10.51,63.06,13-09-2025
U0080,15-09-2025,1,12.54,12.54,19-09-2025
U0080,22-09-2025,5,7.09,35.45,25-09-2025
U0080,29-09-2025,0,8.39,0,
U0080,06-10-2025,8,4.29,34.32,07-10-2025
U0081,04-08-2025,4,6.97,27.88,09-08-2025
U0081,11-08-2025,9,6.21,55.89,14-08-2025
U0081,18-08-2025,5,11.51,57.55,18-08-2025
U0081,25-08-2025,0,8.46,0,29-08-2025
U0081,01-09-2025,1,8.8,8.8,06-09-2025
U0081,08-09-2025,6,7.19,43.14,09-09-2025
U0081,15-09-2025,1,6.59,6.59,17-09-2025
U0081,22-09-2025,1,5.05,5.05,25-09-2025
U0081,29-09-2025,1,12.09,12.09,03-10-2025
U0081,06-10-2025,4,9.69,38.76,11-10-2025
U0082,04-08-2025,2,5.56,11.12,09-08-2025
U0082,11-08-2025,5,3.64,18.2,17-08-2025
U0082,18-08-2025,6,10.96,65.76,18-08-2025
U0082,25-08-2025,,10.28,,25-08-2025
U0082,01-09-2025,0,7.8,0,07-09-2025
U0082,08-09-2025,0,6.62,0,
U0082,15-09-2025,5,9.21,46.05,21-09-2025
U0082,22-09-2025,,6.79,,
U0082,29-09-2025,4,,,01-10-2025
U0082,06-10-2025,0,9.95,0,
U0083,08-09-2025,3,11.43,34.29,10-09-2025
U0083,15-09-2025,2,9.65,19.3,15-09-2025
U0083,22-09-2025,8,7.45,59.6,28-09-2025
U0083,29-09-2025,5,8.63,43.15,03-10-2025
U0083,06-10-2025,1,3.73,3.73,07-10-2025
U0084,01-09-2025,5,6.99,34.95,05-09-2025
U0084,08-09-2025,6,12.22,73.32,12-09-2025
U0084,15-09-2025,1,7.85,7.85,19-09-2025
U0084,22-09-2025,0,11.01,0,
U0084,29-09-2025,4,12.39,49.56,03-10-2025
U0084,06-10-2025,4,8.73,34.92,08-10-2025
U0085,28-07-2025,5,11.51,57.55,01-08-2025
U0085,04-08-2025,3,5.2,15.6,
U0085,11-08-2025,0,10.53,0,
U0085,18-08-2025,5,4.66,23.3,24-08-2025
U0085,25-08-2025,,9.07,,
U0085,01-09-2025,3,8.09,24.27,07-09-2025
U0085,08-09-2025,2,11.95,23.9,09-09-2025
U0085,15-09-2025,4,5.27,21.08,15-09-2025
U0085,22-09-2025,0,6.48,0,
U0085,29-09-2025,9,1.13,10.17,29-09-2025
U0086,28-07-2025,1,5.26,5.26,03-08-2025
U0086,04-08-2025,4,11.48,45.92,10-08-2025
U0086,11-08-2025,8,8.74,69.92,14-08-2025
U0086,18-08-2025,3,5.85,17.55,19-08-2025
U0086,25-08-2025,0,,,27-08-2025
U0086,01-09-2025,4,2.31,9.24,05-09-2025
U0086,08-09-2025,8,7.24,57.92,13-09-2025
U0086,15-09-2025,1,12.59,12.59,21-09-2025
U0086,22-09-2025,5,9.51,47.55,28-09-2025
U0086,29-09-2025,5,13.95,69.75,05-10-2025
U0087,04-08-2025,7,7.07,49.49,09-08-2025
U0087,11-08-2025,6,9.58,57.48,12-08-2025
U0087,18-08-2025,1,2.66,2.66,23-08-2025
U0087,25-08-2025,0,9.18,0,
U0087,01-09-2025,8,3.71,29.68,03-09-2025
U0087,08-09-2025,0,9.79,0,08-09-2025
U0087,15-09-2025,1,9.92,9.92,15-09-2025
U0087,22-09-2025,8,6.5,52,23-09-2025
U0087,29-09-2025,5,8.12,40.6,05-10-2025
U0087,06-10-2025,7,4.18,29.26,12-10-2025
U0088,21-07-2025,1,0.69,0.69,
U0088,28-07-2025,1,5.49,5.49,03-08-2025
U0088,04-08-2025,4,7.83,31.32,04-08-2025
U0088,11-08-2025,5,6.7,33.5,12-08-2025
U0088,18-08-2025,3,7.17,21.51,19-08-2025
U0088,25-08-2025,1,10.58,10.58,28-08-2025
U0088,01-09-2025,,9.42,,06-09-2025
U0088,08-09-2025,,11.7,,
U0088,15-09-2025,2,6.63,13.26,21-09-2025
U0088,22-09-2025,0,13.48,0,
U0089,18-08-2025,4,3.17,12.68,22-08-2025
U0089,25-08-2025,2,8.55,17.1,25-08-2025
U0089,01-09-2025,7,11.23,78.61,04-09-2025
U0089,08-09-2025,10,8.56,85.6,13-09-2025
U0089,15-09-2025,9,8.8,79.2,20-09-2025
U0089,22-09-2025,1,5.5,5.5,28-09-2025
U0089,29-09-2025,6,5.52,33.12,30-09-2025
U0089,06-10-2025,1,5.61,5.61,06-10-2025
U0090,08-09-2025,6,,,10-09-2025
U0090,15-09-2025,3,1.42,4.26,19-09-2025
U0090,22-09-2025,1,11.53,11.53,27-09-2025
U0090,29-09-2025,2,7.1,14.2,04-10-2025
U0090,06-10-2025,5,,,
U0091,01-09-2025,1,1.16,1.16,06-09-2025
U0091,08-09-2025,0,7.6,0,12-09-2025
U0091,15-09-2025,0,8.85,0,20-09-2025
U0091,22-09-2025,5,12.57,62.85,27-09-2025
U0091,29-09-2025,0,10.94,0,
U0091,06-10-2025,0,7.03,0,
U0092,01-09-2025,3,10.3,30.9,01-09-2025
U0092,08-09-2025,5,5.24,26.2,10-09-2025
U0092,15-09-2025,2,14.73,29.46,15-09-2025
U0092,22-09-2025,1,4.78,4.78,24-09-2025
U0092,29-09-2025,1,6.1,6.1,29-09-2025
U0092,06-10-2025,2,8.93,17.86,12-10-2025
U0093,28-07-2025,10,6.4,,
U0093,04-08-2025,3,4.45,13.35,06-08-2025
U0093,11-08-2025,,14.19,,
U0093,18-08-2025,5,8.67,43.35,22-08-2025
U0093,25-08-2025,2,9.28,18.56,30-08-2025
U0093,01-09-2025,4,,,03-09-2025
U0093,08-09-2025,4,5.74,22.96,
U0093,15-09-2025,0,9.88,0,
U0093,22-09-2025,6,4.12,24.72,26-09-2025
U0093,29-09-2025,6,15.79,94.74,04-10-2025
U0094,25-08-2025,5,7.53,,
U0094,01-09-2025,1,3.19,3.19,06-09-2025
U0094,08-09-2025,0,3.18,0,11-09-2025
U0094,15-09-2025,4,8.74,34.96,20-09-2025
U0094,22-09-2025,2,11.37,22.74,27-09-2025
U0094,29-09-2025,1,9.26,9.26,30-09-2025
U0094,06-10-2025,8,11.82,94.56,12-10-2025
U0095,25-08-2025,0,10.42,0,
U0095,01-09-2025,1,8.48,8.48,02-09-2025
U0095,08-09-2025,6,4.65,27.9,14-09-2025
U0095,15-09-2025,4,8.31,33.24,17-09-2025
U0095,22-09-2025,7,8.65,60.55,28-09-2025
U0095,29-09-2025,1,12.35,12.35,05-10-2025
U0095,06-10-2025,0,11.26,0,12-10-2025
U0096,25-08-2025,1,7.47,7.47,25-08-2025
U0096,01-09-2025,1,10.91,10.91,02-09-2025
U0096,08-09-2025,2,5.95,11.9,14-09-2025
U0096,15-09-2025,2,7.67,15.34,
U0096,22-09-2025,2,7.41,14.82,26-09-2025
U0096,29-09-2025,1,9.43,9.43,04-10-2025
U0096,06-10-2025,2,8.03,16.06,08-10-2025
U0097,25-08-2025,5,2.9,14.5,
U0097,01-09-2025,9,11.88,106.92,05-09-2025
U0097,08-09-2025,5,8.24,41.2,14-09-2025
U0097,15-09-2025,6,11.4,68.4,17-09-2025
U0097,22-09-2025,0,6.14,0,24-09-2025
U0097,29-09-2025,0,8.51,0,
U0097,06-10-2025,1,6.35,6.35,09-10-2025
U0098,25-08-2025,1,4.99,4.99,29-08-2025
U0098,01-09-2025,4,7.79,31.16,07-09-2025
U0098,08-09-2025,7,10.84,75.88,12-09-2025
U0098,15-09-2025,0,12.29,0,
U0098,22-09-2025,5,10.57,52.85,28-09-2025
U0098,29-09-2025,4,6.08,24.32,01-10-2025
U0098,06-10-2025,7,4.19,29.33,06-10-2025
U0099,18-08-2025,3,1.23,3.69,21-08-2025
U0099,25-08-2025,6,8.81,52.86,28-08-2025
U0099,01-09-2025,8,11.16,89.28,02-09-2025
U0099,08-09-2025,3,5.79,17.37,13-09-2025
U0099,15-09-2025,0,6.61,0,16-09-2025
U0099,22-09-2025,5,12.51,62.55,22-09-2025
U0099,29-09-2025,0,10.37,0,
U0099,06-10-2025,0,6.16,0,
U0100,18-08-2025,0,11.38,0,
U0100,25-08-2025,4,9.83,39.32,28-08-2025
U0100,01-09-2025,1,6.51,6.51,01-09-2025
U0100,08-09-2025,0,10.3,0,
U0100,15-09-2025,5,8.32,41.6,19-09-2025
U0100,22-09-2025,7,5.43,38.01,28-09-2025
U0100,29-09-2025,3,10.77,32.31,29-09-2025
U0100,06-10-2025,2,7.37,14.74,10-10-2025
U0101,18-08-2025,6,12.5,75,21-08-2025
U0101,25-08-2025,7,7.83,54.81,25-08-2025
U0101,01-09-2025,5,8.67,43.35,05-09-2025
U0101,08-09-2025,2,4.9,9.8,14-09-2025
U0101,15-09-2025,0,11.07,0,19-09-2025
U0101,22-09-2025,5,13.74,68.7,24-09-2025
U0101,29-09-2025,2,7.93,15.86,04-10-2025
U0101,06-10-2025,1,7.29,7.29,07-10-2025
U0102,25-08-2025,8,9.65,77.2,27-08-2025
U0102,01-09-2025,6,15.79,94.74,04-09-2025
U0102,08-09-2025,1,8.98,8.98,09-09-2025
U0102,15-09-2025,4,12.04,48.16,20-09-2025
U0102,22-09-2025,3,6.18,18.54,23-09-2025
U0102,29-09-2025,3,0.62,1.86,02-10-2025
U0102,06-10-2025,6,4.7,28.2,09-10-2025
U0103,25-08-2025,0,8.71,0,
U0103,01-09-2025,3,6.48,19.44,01-09-2025
U0103,08-09-2025,3,10.34,31.02,10-09-2025
U0103,15-09-2025,7,3.54,24.78,18-09-2025
U0103,22-09-2025,7,5.66,39.62,25-09-2025
U0103,29-09-2025,0,8.79,0,
U0103,06-10-2025,6,6.46,38.76,12-10-2025
U0104,14-07-2025,2,10.39,20.78,18-07-2025
U0104,21-07-2025,5,2.57,12.85,22-07-2025
U0104,28-07-2025,1,11.02,11.02,30-07-2025
U0104,04-08-2025,6,7.61,45.66,07-08-2025
U0104,11-08-2025,0,8.56,0,
U0104,18-08-2025,4,5.59,22.36,18-08-2025
U0104,25-08-2025,0,6.58,0,
U0104,01-09-2025,8,7.24,57.92,04-09-2025
U0104,08-09-2025,5,8.38,41.9,12-09-2025
U0104,15-09-2025,0,9.02,0,
U0105,04-08-2025,3,7.48,22.44,09-08-2025
U0105,11-08-2025,1,7.87,7.87,
U0105,18-08-2025,4,2.92,11.68,19-08-2025
U0105,25-08-2025,0,6.15,0,
U0105,01-09-2025,6,8.88,53.28,07-09-2025
U0105,08-09-2025,5,10.17,50.85,08-09-2025
U0105,15-09-2025,0,5.78,0,
U0105,22-09-2025,7,10.83,75.81,
U0105,29-09-2025,0,8.28,0,
U0105,06-10-2025,,8.62,,
U0106,14-07-2025,7,9.34,65.38,17-07-2025
U0106,21-07-2025,,5.85,,
U0106,28-07-2025,1,1.62,1.62,
U0106,04-08-2025,5,7.4,37,05-08-2025
U0106,11-08-2025,8,9.49,75.92,12-08-2025
U0106,18-08-2025,1,5.41,5.41,23-08-2025
U0106,25-08-2025,2,6.73,13.46,25-08-2025
U0106,01-09-2025,0,6.09,0,
U0106,08-09-2025,0,12.45,0,
U0106,15-09-2025,11,3.71,40.81,16-09-2025
U0107,25-08-2025,0,3.48,0,
U0107,01-09-2025,8,9.8,78.4,07-09-2025
U0107,08-09-2025,12,,,11-09-2025
U0107,15-09-2025,1,8.84,8.84,18-09-2025
U0107,22-09-2025,3,13.82,41.46,27-09-2025
U0107,29-09-2025,,4.41,,
U0107,06-10-2025,6,5.66,33.96,06-10-2025
U0108,08-09-2025,1,11.1,11.1,14-09-2025
U0108,15-09-2025,3,6.99,20.97,20-09-2025
U0108,22-09-2025,1,11.05,11.05,
U0108,29-09-2025,1,8.51,8.51,29-09-2025
U0108,06-10-2025,2,1.5,3,
U0109,01-09-2025,2,11.33,22.66,02-09-2025
U0109,08-09-2025,1,13.39,13.39,09-09-2025
U0109,15-09-2025,2,6.87,13.74,21-09-2025
U0109,22-09-2025,0,7.79,0,
U0109,29-09-2025,0,6.36,0,
U0109,06-10-2025,6,12.84,77.04,
U0110,18-08-2025,1,6.76,6.76,24-08-2025
U0110,25-08-2025,4,7.55,30.2,27-08-2025
U0110,01-09-2025,1,9.36,9.36,04-09-2025
U0110,08-09-2025,2,9.94,19.88,12-09-2025
U0110,15-09-2025,5,4,20,20-09-2025
U0110,22-09-2025,5,13.37,66.85,26-09-2025
U0110,29-09-2025,3,8.12,24.36,05-10-2025
U0110,06-10-2025,4,13.76,55.04,10-10-2025
U0111,04-08-2025,3,8.28,24.84,04-08-2025
U0111,11-08-2025,7,9.4,65.8,
U0111,18-08-2025,8,10.01,80.08,24-08-2025
U0111,25-08-2025,2,9.08,18.16,27-08-2025
U0111,01-09-2025,1,,,06-09-2025
U0111,08-09-2025,0,7.88,0,
U0111,15-09-2025,3,13.74,41.22,19-09-2025
U0111,22-09-2025,5,1.62,8.1,26-09-2025
U0111,29-09-2025,,10.2,,
U0111,06-10-2025,1,5.84,5.84,12-10-2025
U0112,28-07-2025,0,8,0,
U0112,04-08-2025,2,7.63,15.26,08-08-2025
U0112,11-08-2025,2,10.12,20.24,13-08-2025
U0112,18-08-2025,5,14.36,71.8,18-08-2025
U0112,25-08-2025,5,7.38,,27-08-2025
U0112,01-09-2025,0,6.39,0,
U0112,08-09-2025,8,6.54,52.32,10-09-2025
U0112,15-09-2025,1,5.57,5.57,18-09-2025
U0112,22-09-2025,0,7.91,0,23-09-2025
U0112,29-09-2025,7,9.46,66.22,02-10-2025
U0113,25-08-2025,6,10.32,61.92,26-08-2025
U0113,01-09-2025,6,8.7,52.2,03-09-2025
U0113,08-09-2025,8,7.31,58.48,14-09-2025
U0113,15-09-2025,8,8.69,69.52,18-09-2025
U0113,22-09-2025,8,12.71,101.68,25-09-2025
U0113,29-09-2025,2,7.83,15.66,01-10-2025
U0113,06-10-2025,0,7.91,0,09-10-2025
U0114,14-07-2025,,7.85,,
U0114,21-07-2025,2,11.99,23.98,26-07-2025
U0114,28-07-2025,0,7.07,0,
U0114,04-08-2025,6,8.73,52.38,05-08-2025
U0114,11-08-2025,4,7.03,28.12,15-08-2025
U0114,18-08-2025,4,4.14,16.56,23-08-2025
U0114,25-08-2025,1,,,30-08-2025
U0114,01-09-2025,5,9.67,48.35,03-09-2025
U0114,08-09-2025,,9.07,,
U0114,15-09-2025,10,,,21-09-2025
U0115,18-08-2025,1,8.09,8.09,19-08-2025
U0115,25-08-2025,1,3.77,3.77,29-08-2025
U0115,01-09-2025,1,5.76,5.76,02-09-2025
U0115,08-09-2025,5,5.79,28.95,11-09-2025
U0115,15-09-2025,6,5.91,35.46,18-09-2025
U0115,22-09-2025,7,5.36,37.52,28-09-2025
U0115,29-09-2025,3,9.04,27.12,29-09-2025
U0115,06-10-2025,2,7.6,15.2,11-10-2025
U0116,08-09-2025,3,8.35,25.05,10-09-2025
U0116,15-09-2025,5,10.91,54.55,19-09-2025
U0116,22-09-2025,8,10.39,83.12,28-09-2025
U0116,29-09-2025,5,10.59,52.95,02-10-2025
U0116,06-10-2025,3,7.35,22.05,06-10-2025
U0117,11-08-2025,0,4.04,0,
U0117,18-08-2025,0,10.26,0,
U0117,25-08-2025,1,7.82,7.82,
U0117,01-09-2025,5,8.8,44,07-09-2025
U0117,08-09-2025,4,13.32,53.28,09-09-2025
U0117,15-09-2025,4,4.5,18,16-09-2025
U0117,22-09-2025,2,11.19,22.38,24-09-2025
U0117,29-09-2025,2,8.69,17.38,04-10-2025
U0117,06-10-2025,,12.65,,10-10-2025
U0118,21-07-2025,0,4.73,0,21-07-2025
U0118,28-07-2025,1,15.58,15.58,29-07-2025
U0118,04-08-2025,7,12.45,87.15,05-08-2025
U0118,11-08-2025,2,7.18,14.36,13-08-2025
U0118,18-08-2025,10,12.2,122,19-08-2025
U0118,25-08-2025,0,4.14,0,27-08-2025
U0118,01-09-2025,0,4.14,0,
U0118,08-09-2025,2,7.23,14.46,13-09-2025
U0118,15-09-2025,1,8.12,8.12,16-09-2025
U0118,22-09-2025,2,9.22,18.44,26-09-2025
U0119,28-07-2025,7,3.57,24.99,01-08-2025
U0119,04-08-2025,4,7.11,28.44,07-08-2025
U0119,11-08-2025,8,6.67,53.36,13-08-2025
U0119,18-08-2025,7,7.02,49.14,19-08-2025
U0119,25-08-2025,9,,,27-08-2025
U0119,01-09-2025,1,7.06,7.06,04-09-2025
U0119,08-09-2025,1,1.42,1.42,08-09-2025
U0119,15-09-2025,0,6.92,0,
U0119,22-09-2025,2,,,22-09-2025
U0119,29-09-2025,2,5.2,10.4,02-10-2025
U0120,04-08-2025,0,7.7,0,
U0120,11-08-2025,5,6.02,30.1,13-08-2025
U0120,18-08-2025,6,4.85,29.1,20-08-2025
U0120,25-08-2025,0,13.15,0,
U0120,01-09-2025,1,7.38,7.38,04-09-2025
U0120,08-09-2025,3,6.97,20.91,09-09-2025
U0120,15-09-2025,,10.98,,
U0120,22-09-2025,6,5.41,32.46,23-09-2025
U0120,29-09-2025,10,3.85,,04-10-2025
U0120,06-10-2025,1,8.19,8.19,06-10-2025
U0121,04-08-2025,3,13.38,40.14,05-08-2025
U0121,11-08-2025,1,8.01,8.01,12-08-2025
U0121,18-08-2025,9,12.17,109.53,19-08-2025
U0121,25-08-2025,10,8.1,81,27-08-2025
U0121,01-09-2025,0,4.4,0,
U0121,08-09-2025,4,9.63,38.52,08-09-2025
U0121,15-09-2025,5,11.17,55.85,15-09-2025
U0121,22-09-2025,2,6.66,13.32,24-09-2025
U0121,29-09-2025,6,8.08,48.48,29-09-2025
U0121,06-10-2025,3,9.97,29.91,11-10-2025
U0122,25-08-2025,7,8.25,57.75,26-08-2025
U0122,01-09-2025,1,11.91,11.91,06-09-2025
U0122,08-09-2025,2,6.6,13.2,09-09-2025
U0122,15-09-2025,0,2.98,0,
U0122,22-09-2025,1,0.2,0.2,27-09-2025
U0122,29-09-2025,3,10.66,31.98,01-10-2025
U0122,06-10-2025,3,6.3,18.9,10-10-2025
U0123,04-08-2025,,11.32,,
U0123,11-08-2025,9,8.1,72.9,15-08-2025
U0123,18-08-2025,6,12.15,,18-08-2025
U0123,25-08-2025,2,6.88,13.76,27-08-2025
U0123,01-09-2025,3,9.71,29.13,
U0123,08-09-2025,6,10.47,62.82,12-09-2025
U0123,15-09-2025,8,7.87,62.96,19-09-2025
U0123,22-09-2025,6,5.03,30.18,23-09-2025
U0123,29-09-2025,7,8.52,59.64,02-10-2025
U0123,06-10-2025,0,9.13,0,
U0124,18-08-2025,10,6.21,62.1,23-08-2025
U0124,25-08-2025,0,9.25,0,
U0124,01-09-2025,7,12.09,84.63,02-09-2025
U0124,08-09-2025,2,7.62,15.24,13-09-2025
U0124,15-09-2025,4,13.99,55.96,15-09-2025
U0124,22-09-2025,10,5.16,51.6,
U0124,29-09-2025,1,4.56,4.56,30-09-2025
U0124,06-10-2025,4,,,09-10-2025
U0125,14-07-2025,7,9.7,67.9,20-07-2025
U0125,21-07-2025,5,7.4,37,21-07-2025
U0125,28-07-2025,,7.6,,
U0125,04-08-2025,3,13.07,39.21,09-08-2025
U0125,11-08-2025,5,11.01,55.05,17-08-2025
U0125,18-08-2025,2,6.59,13.18,18-08-2025
U0125,25-08-2025,2,7.72,15.44,31-08-2025
U0125,01-09-2025,1,1.39,1.39,01-09-2025
U0125,08-09-2025,0,12.69,0,
U0125,15-09-2025,4,13.91,55.64,18-09-2025
U0126,15-09-2025,4,,,18-09-2025
U0126,22-09-2025,1,6.01,6.01,22-09-2025
U0126,29-09-2025,2,6.07,12.14,
U0126,06-10-2025,7,10.91,76.37,12-10-2025
U0127,21-07-2025,0,13.12,0,27-07-2025
U0127,28-07-2025,2,4.92,9.84,01-08-2025
U0127,04-08-2025,,4.95,,
U0127,11-08-2025,0,10.81,0,
U0127,18-08-2025,2,10.81,21.62,22-08-2025
U0127,25-08-2025,,9.52,,
U0127,01-09-2025,1,5.89,5.89,04-09-2025
U0127,08-09-2025,10,6.58,65.8,08-09-2025
U0127,15-09-2025,1,6.88,6.88,20-09-2025
U0127,22-09-2025,5,7.79,38.95,26-09-2025
U0128,11-08-2025,1,5.85,5.85,12-08-2025
U0128,18-08-2025,2,8.7,17.4,24-08-2025
U0128,25-08-2025,1,8.51,8.51,28-08-2025
U0128,01-09-2025,5,9.19,45.95,02-09-2025
U0128,08-09-2025,6,9.17,55.02,08-09-2025
U0128,15-09-2025,0,7.6,0,
U0128,22-09-2025,9,8.1,72.9,25-09-2025
U0128,29-09-2025,4,10.05,40.2,03-10-2025
U0128,06-10-2025,3,5.33,15.99,06-10-2025
U0129,11-08-2025,4,2.54,10.16,17-08-2025
U0129,18-08-2025,2,9.26,18.52,21-08-2025
U0129,25-08-2025,6,12.41,74.46,25-08-2025
U0129,01-09-2025,0,15.07,0,03-09-2025
U0129,08-09-2025,8,4.23,33.84,08-09-2025
U0129,15-09-2025,9,6.41,57.69,18-09-2025
U0129,22-09-2025,2,5.52,11.04,24-09-2025
U0129,29-09-2025,2,10.16,20.32,03-10-2025
U0129,06-10-2025,0,5.56,0,
U0130,04-08-2025,0,9.19,0,08-08-2025
U0130,11-08-2025,1,8.3,8.3,13-08-2025
U0130,18-08-2025,5,6.33,31.65,18-08-2025
U0130,25-08-2025,1,7.25,7.25,28-08-2025
U0130,01-09-2025,1,8.48,8.48,04-09-2025
U0130,08-09-2025,0,6.51,0,
U0130,15-09-2025,8,6.44,51.52,19-09-2025
U0130,22-09-2025,0,15.7,0,
U0130,29-09-2025,4,4.24,16.96,30-09-2025
U0130,06-10-2025,4,11.09,44.36,10-10-2025
U0131,01-09-2025,4,5.69,,06-09-2025
U0131,08-09-2025,0,10.03,0,
U0131,15-09-2025,2,4.03,8.06,18-09-2025
U0131,22-09-2025,2,4.65,9.3,22-09-2025
U0131,29-09-2025,7,,,29-09-2025
U0131,06-10-2025,2,9.35,18.7,09-10-2025
U0132,18-08-2025,4,3.96,15.84,19-08-2025
U0132,25-08-2025,,5.87,,26-08-2025
U0132,01-09-2025,0,8.14,0,
U0132,08-09-2025,2,11.08,22.16,11-09-2025
U0132,15-09-2025,3,4.59,13.77,15-09-2025
U0132,22-09-2025,7,4.91,34.37,26-09-2025
U0132,29-09-2025,6,7.66,,05-10-2025
U0132,06-10-2025,3,6.73,20.19,08-10-2025
U0133,11-08-2025,2,11.27,22.54,14-08-2025
U0133,18-08-2025,0,3.37,0,
U0133,25-08-2025,6,10.64,63.84,28-08-2025
U0133,01-09-2025,7,8.1,56.7,07-09-2025
U0133,08-09-2025,5,4.21,21.05,
U0133,15-09-2025,1,8.87,8.87,16-09-2025
U0133,22-09-2025,1,4.23,4.23,
U0133,29-09-2025,3,9.27,27.81,04-10-2025
U0133,06-10-2025,4,7.84,31.36,07-10-2025
U0134,08-09-2025,5,6.94,34.7,11-09-2025
U0134,15-09-2025,,3.27,,
U0134,22-09-2025,5,10.97,54.85,22-09-2025
U0134,29-09-2025,6,9.27,55.62,05-10-2025
U0134,06-10-2025,1,7.02,7.02,08-10-2025
U0135,18-08-2025,10,7.05,70.5,21-08-2025
U0135,25-08-2025,3,10.06,30.18,29-08-2025
U0135,01-09-2025,,11.01,,
U0135,08-09-2025,7,7.54,52.78,14-09-2025
U0135,15-09-2025,9,6.73,60.57,15-09-2025
U0135,22-09-2025,6,17.57,105.42,24-09-2025
U0135,29-09-2025,4,3.51,14.04,03-10-2025
U0135,06-10-2025,5,5.8,29,09-10-2025
U0136,14-07-2025,7,8.87,,20-07-2025
U0136,21-07-2025,5,11.32,56.6,24-07-2025
U0136,28-07-2025,4,4.82,19.28,01-08-2025
U0136,04-08-2025,6,15,90,05-08-2025
U0136,11-08-2025,7,7.21,50.47,11-08-2025
U0136,18-08-2025,0,11.41,0,
U0136,25-08-2025,9,6.73,60.57,29-08-2025
U0136,01-09-2025,0,11.69,0,
U0136,08-09-2025,10,12.82,128.2,10-09-2025
U0136,15-09-2025,0,1.89,0,
U0137,04-08-2025,4,3.47,13.88,04-08-2025
U0137,11-08-2025,3,5.67,17.01,13-08-2025
U0137,18-08-2025,3,9.78,29.34,19-08-2025
U0137,25-08-2025,4,6.99,27.96,29-08-2025
U0137,01-09-2025,3,8.83,26.49,03-09-2025
U0137,08-09-2025,2,9.96,19.92,10-09-2025
U0137,15-09-2025,0,10.24,0,
U0137,22-09-2025,5,9.65,48.25,25-09-2025
U0137,29-09-2025,0,,,03-10-2025
U0137,06-10-2025,5,9.49,47.45,12-10-2025
U0138,14-07-2025,8,11.72,93.76,20-07-2025
U0138,21-07-2025,3,3.89,11.67,27-07-2025
U0138,28-07-2025,0,8.77,0,
U0138,04-08-2025,3,5.16,15.48,08-08-2025
U0138,11-08-2025,3,15.75,47.25,16-08-2025
U0138,18-08-2025,3,7.33,21.99,18-08-2025
U0138,25-08-2025,1,8.7,8.7,25-08-2025
U0138,01-09-2025,3,4.09,12.27,07-09-2025
U0138,08-09-2025,6,5.92,35.52,08-09-2025
U0138,15-09-2025,5,7.39,36.95,19-09-2025
U0139,21-07-2025,0,9.54,0,27-07-2025
U0139,28-07-2025,1,10.32,,03-08-2025
U0139,04-08-2025,6,,,09-08-2025
U0139,11-08-2025,1,15.1,15.1,16-08-2025
U0139,18-08-2025,3,5.76,17.28,24-08-2025
U0139,25-08-2025,6,5.89,35.34,
U0139,01-09-2025,2,3.66,7.32,06-09-2025
U0139,08-09-2025,1,7.08,7.08,13-09-2025
U0139,15-09-2025,0,,,
U0139,22-09-2025,6,10.22,61.32,25-09-2025
U0140,18-08-2025,3,8.53,25.59,22-08-2025
U0140,25-08-2025,5,6.04,30.2,28-08-2025
U0140,01-09-2025,1,9.95,9.95,07-09-2025
U0140,08-09-2025,6,6.36,38.16,13-09-2025
U0140,15-09-2025,2,7.76,15.52,16-09-2025
U0140,22-09-2025,4,,,23-09-2025
U0140,29-09-2025,1,12.8,12.8,03-10-2025
U0140,06-10-2025,1,,,09-10-2025
U0141,04-08-2025,6,6.09,36.54,07-08-2025
U0141,11-08-2025,4,12.75,51,12-08-2025
U0141,18-08-2025,,8.13,,
U0141,25-08-2025,4,6.59,26.36,28-08-2025
U0141,01-09-2025,4,3.89,15.56,07-09-2025
U0141,08-09-2025,,9.9,,
U0141,15-09-2025,5,14.38,71.9,
U0141,22-09-2025,7,2.69,18.83,27-09-2025
U0141,29-09-2025,1,,,05-10-2025
U0141,06-10-2025,7,9.93,69.51,11-10-2025
U0142,25-08-2025,4,5.02,20.08,28-08-2025
U0142,01-09-2025,7,11.88,83.16,01-09-2025
U0142,08-09-2025,1,8.52,8.52,10-09-2025
U0142,15-09-2025,4,9.72,38.88,18-09-2025
U0142,22-09-2025,4,8.38,33.52,23-09-2025
U0142,29-09-2025,5,10.53,52.65,01-10-2025
U0142,06-10-2025,2,8.99,17.98,09-10-2025
U0143,04-08-2025,1,6.54,6.54,09-08-2025
U0143,11-08-2025,1,9.34,9.34,16-08-2025
U0143,18-08-2025,6,5.25,31.5,20-08-2025
U0143,25-08-2025,2,,,26-08-2025
U0143,01-09-2025,0,7.94,0,04-09-2025
U0143,08-09-2025,1,11.36,11.36,10-09-2025
U0143,15-09-2025,4,4.08,16.32,18-09-2025
U0143,22-09-2025,6,4.65,27.9,24-09-2025
U0143,29-09-2025,4,8.31,33.24,29-09-2025
U0143,06-10-2025,0,10.83,0,
U0144,14-07-2025,5,5.21,26.05,15-07-2025
U0144,21-07-2025,4,6.57,26.28,24-07-2025
U0144,28-07-2025,4,4.22,16.88,03-08-2025
U0144,04-08-2025,6,6.88,41.28,07-08-2025
U0144,11-08-2025,2,11.03,22.06,11-08-2025
U0144,18-08-2025,6,8.66,,23-08-2025
U0144,25-08-2025,3,8.03,24.09,25-08-2025
U0144,01-09-2025,8,12.33,98.64,05-09-2025
U0144,08-09-2025,,7.46,,
U0144,15-09-2025,5,5.14,25.7,19-09-2025
U0145,04-08-2025,2,9.03,18.06,09-08-2025
U0145,11-08-2025,4,3.44,13.76,12-08-2025
U0145,18-08-2025,6,3.03,18.18,20-08-2025
U0145,25-08-2025,3,9.71,29.13,28-08-2025
U0145,01-09-2025,0,11.62,0,03-09-2025
U0145,08-09-2025,5,1.22,6.1,
U0145,15-09-2025,5,7.21,36.05,16-09-2025
U0145,22-09-2025,9,5.99,53.91,
U0145,29-09-2025,5,8.57,42.85,03-10-2025
U0145,06-10-2025,1,10.53,10.53,12-10-2025
U0146,15-09-2025,0,12.17,0,
U0146,22-09-2025,5,10.14,50.7,23-09-2025
U0146,29-09-2025,7,8.44,59.08,01-10-2025
U0146,06-10-2025,10,9.09,90.9,06-10-2025
U0147,08-09-2025,5,6.27,31.35,10-09-2025
U0147,15-09-2025,0,7.96,0,
U0147,22-09-2025,6,9.98,59.88,28-09-2025
U0147,29-09-2025,1,9.23,9.23,03-10-2025
U0147,06-10-2025,3,,,07-10-2025
U0148,25-08-2025,3,9.38,28.14,26-08-2025
U0148,01-09-2025,0,9.06,0,07-09-2025
U0148,08-09-2025,2,10.55,21.1,08-09-2025
U0148,15-09-2025,,10.21,,18-09-2025
U0148,22-09-2025,6,8.79,52.74,
U0148,29-09-2025,1,9.97,9.97,02-10-2025
U0148,06-10-2025,5,9.43,47.15,09-10-2025
U0149,04-08-2025,4,9.34,37.36,10-08-2025
U0149,11-08-2025,1,6.57,6.57,16-08-2025
U0149,18-08-2025,3,4.97,14.91,18-08-2025
U0149,25-08-2025,9,10.04,90.36,31-08-2025
U0149,01-09-2025,1,4.42,4.42,05-09-2025
U0149,08-09-2025,2,3.01,6.02,12-09-2025
U0149,15-09-2025,0,11.18,0,
U0149,22-09-2025,5,6.67,33.35,27-09-2025
U0149,29-09-2025,10,7.89,78.9,05-10-2025
U0149,06-10-2025,1,3.72,3.72,12-10-2025
U0150,14-07-2025,8,5.19,41.52,14-07-2025
U0150,21-07-2025,0,8.06,0,
U0150,28-07-2025,0,7.36,0,
U0150,04-08-2025,,5.74,,
U0150,11-08-2025,7,7.54,52.78,16-08-2025
U0150,18-08-2025,2,9.47,18.94,22-08-2025
U0150,25-08-2025,6,8.11,48.66,26-08-2025
U0150,01-09-2025,5,4.64,23.2,05-09-2025
U0150,08-09-2025,4,10.84,43.36,
U0150,15-09-2025,5,7.79,38.95,16-09-2025
U0151,25-08-2025,2,9.44,18.88,25-08-2025
U0151,01-09-2025,0,5.65,0,
U0151,08-09-2025,2,13.51,27.02,11-09-2025
U0151,15-09-2025,8,7.01,56.08,21-09-2025
U0151,22-09-2025,4,9.97,39.88,28-09-2025
U0151,29-09-2025,3,7.21,21.63,05-10-2025
U0151,06-10-2025,5,12.56,62.8,07-10-2025
U0152,01-09-2025,6,2.84,17.04,05-09-2025
U0152,08-09-2025,0,11.63,0,14-09-2025
U0152,15-09-2025,4,4.94,19.76,17-09-2025
U0152,22-09-2025,2,8.68,17.36,
U0152,29-09-2025,7,,,30-09-2025
U0152,06-10-2025,0,11.48,0,
U0153,01-09-2025,6,6.58,,
U0153,08-09-2025,2,6.78,13.56,09-09-2025
U0153,15-09-2025,7,9.65,67.55,19-09-2025
U0153,22-09-2025,6,14.31,85.86,26-09-2025
U0153,29-09-2025,1,5.69,5.69,02-10-2025
U0153,06-10-2025,3,13.66,40.98,08-10-2025
U0154,14-07-2025,7,6.54,45.78,16-07-2025
U0154,21-07-2025,7,5.69,39.83,24-07-2025
U0154,28-07-2025,1,10.53,10.53,02-08-2025
U0154,04-08-2025,8,6.53,52.24,10-08-2025
U0154,11-08-2025,6,6.36,38.16,11-08-2025
U0154,18-08-2025,7,2.55,17.85,19-08-2025
U0154,25-08-2025,0,7.83,0,
U0154,01-09-2025,0,5.35,0,
U0154,08-09-2025,1,5.57,5.57,12-09-2025
U0154,15-09-2025,2,12.41,24.82,15-09-2025
U0155,28-07-2025,0,11.32,0,
U0155,04-08-2025,7,8.14,56.98,07-08-2025
U0155,11-08-2025,4,11.83,47.32,17-08-2025
U0155,18-08-2025,0,5.39,0,
U0155,25-08-2025,5,6.41,32.05,27-08-2025
U0155,01-09-2025,5,7.89,39.45,05-09-2025
U0155,08-09-2025,1,9.19,9.19,13-09-2025
U0155,15-09-2025,0,11.87,0,
U0155,22-09-2025,7,4.39,30.73,22-09-2025
U0155,29-09-2025,0,6.73,0,
U0156,08-09-2025,6,5.4,32.4,10-09-2025
U0156,15-09-2025,2,5.46,,19-09-2025
U0156,22-09-2025,0,6.43,0,
U0156,29-09-2025,1,4.55,4.55,
U0156,06-10-2025,6,10.78,64.68,10-10-2025
U0157,25-08-2025,0,13.02,0,28-08-2025
U0157,01-09-2025,5,11.43,57.15,07-09-2025
U0157,08-09-2025,2,7.2,14.4,14-09-2025
U0157,15-09-2025,7,7.34,51.38,18-09-2025
U0157,22-09-2025,3,5.24,15.72,27-09-2025
U0157,29-09-2025,0,7.68,0,01-10-2025
U0157,06-10-2025,7,13.04,91.28,11-10-2025
U0158,21-07-2025,3,9.16,27.48,27-07-2025
U0158,28-07-2025,5,9.3,46.5,03-08-2025
U0158,04-08-2025,5,10.46,52.3,08-08-2025
U0158,11-08-2025,5,8.79,43.95,11-08-2025
U0158,18-08-2025,0,,,23-08-2025
U0158,25-08-2025,6,5.18,31.08,25-08-2025
U0158,01-09-2025,5,9.27,46.35,02-09-2025
U0158,08-09-2025,6,7.46,,12-09-2025
U0158,15-09-2025,1,10.76,10.76,18-09-2025
U0158,22-09-2025,5,4.76,23.8,24-09-2025
U0159,04-08-2025,,8.37,,
U0159,11-08-2025,1,7.56,7.56,17-08-2025
U0159,18-08-2025,0,7.35,0,
U0159,25-08-2025,0,8.9,0,30-08-2025
U0159,01-09-2025,5,6.52,32.6,02-09-2025
U0159,08-09-2025,7,12.56,87.92,08-09-2025
U0159,15-09-2025,6,5.98,35.88,16-09-2025
U0159,22-09-2025,1,7.94,7.94,
U0159,29-09-2025,2,6.83,13.66,03-10-2025
U0159,06-10-2025,10,4.04,40.4,06-10-2025
U0160,28-07-2025,1,3.98,3.98,02-08-2025
U0160,04-08-2025,2,11.63,23.26,08-08-2025
U0160,11-08-2025,3,2.09,6.27,15-08-2025
U0160,18-08-2025,0,10.66,0,19-08-2025
U0160,25-08-2025,1,9.54,9.54,31-08-2025
U0160,01-09-2025,0,11.55,0,
U0160,08-09-2025,4,12.76,51.04,12-09-2025
U0160,15-09-2025,4,7.93,31.72,17-09-2025
U0160,22-09-2025,3,11.97,35.91,26-09-2025
U0160,29-09-2025,10,16.43,164.3,30-09-2025
U0161,25-08-2025,4,13.08,52.32,31-08-2025
U0161,01-09-2025,2,12.63,,05-09-2025
U0161,08-09-2025,9,14.46,130.14,10-09-2025
U0161,15-09-2025,6,10,60,15-09-2025
U0161,22-09-2025,8,10.81,86.48,28-09-2025
U0161,29-09-2025,5,5.44,27.2,01-10-2025
U0161,06-10-2025,7,5.43,38.01,11-10-2025
U0162,21-07-2025,1,8.09,8.09,21-07-2025
U0162,28-07-2025,1,8.21,8.21,30-07-2025
U0162,04-08-2025,6,4.6,27.6,04-08-2025
U0162,11-08-2025,0,11.48,0,11-08-2025
U0162,18-08-2025,6,4.74,28.44,19-08-2025
U0162,25-08-2025,3,5.4,16.2,29-08-2025
U0162,01-09-2025,5,6.62,33.1,03-09-2025
U0162,08-09-2025,6,9.34,56.04,12-09-2025
U0162,15-09-2025,4,7.41,29.64,19-09-2025
U0162,22-09-2025,0,11.52,0,
U0163,04-08-2025,0,11.28,0,06-08-2025
U0163,11-08-2025,4,9.33,37.32,17-08-2025
U0163,18-08-2025,1,7.35,7.35,19-08-2025
U0163,25-08-2025,2,7.16,14.32,30-08-2025
U0163,01-09-2025,6,8.21,49.26,05-09-2025
U0163,08-09-2025,,8.38,,
U0163,15-09-2025,0,8.52,0,18-09-2025
U0163,22-09-2025,7,11.73,82.11,28-09-2025
U0163,29-09-2025,8,12.03,96.24,29-09-2025
U0163,06-10-2025,0,7.59,0,
U0164,04-08-2025,2,9.97,19.94,06-08-2025
U0164,11-08-2025,7,6.8,47.6,12-08-2025
U0164,18-08-2025,4,2.21,8.84,24-08-2025
U0164,25-08-2025,0,8.58,0,
U0164,01-09-2025,5,7.46,37.3,03-09-2025
U0164,08-09-2025,6,7.09,42.54,13-09-2025
U0164,15-09-2025,6,5.85,35.1,20-09-2025
U0164,22-09-2025,6,10.43,62.58,28-09-2025
U0164,29-09-2025,0,1.64,0,
U0164,06-10-2025,2,10.74,21.48,08-10-2025
U0165,08-09-2025,6,7.69,46.14,11-09-2025
U0165,15-09-2025,4,10.47,41.88,15-09-2025
U0165,22-09-2025,9,9.71,87.39,28-09-2025
U0165,29-09-2025,5,9.51,47.55,04-10-2025
U0165,06-10-2025,8,10.4,83.2,10-10-2025
U0166,01-09-2025,2,8.46,16.92,01-09-2025
U0166,08-09-2025,6,10.67,64.02,11-09-2025
U0166,15-09-2025,5,6.89,34.45,20-09-2025
U0166,22-09-2025,5,,,22-09-2025
U0166,29-09-2025,4,6.69,26.76,03-10-2025
U0166,06-10-2025,1,8.36,8.36,12-10-2025
U0167,18-08-2025,6,10.05,60.3,22-08-2025
U0167,25-08-2025,0,6.39,0,
U0167,01-09-2025,10,10.67,106.7,05-09-2025
U0167,08-09-2025,0,6.03,0,
U0167,15-09-2025,3,6.4,19.2,21-09-2025
U0167,22-09-2025,1,6.26,6.26,24-09-2025
U0167,29-09-2025,3,9.66,28.98,01-10-2025
U0167,06-10-2025,0,7.15,0,12-10-2025
U0168,08-09-2025,1,6.93,6.93,14-09-2025
U0168,15-09-2025,,8.18,,19-09-2025
U0168,22-09-2025,7,9.43,66.01,25-09-2025
U0168,29-09-2025,1,4.58,4.58,30-09-2025
U0168,06-10-2025,2,4.39,8.78,08-10-2025
U0169,21-07-2025,0,12.71,0,22-07-2025
U0169,28-07-2025,5,12.52,62.6,01-08-2025
U0169,04-08-2025,0,7.11,0,10-08-2025
U0169,11-08-2025,5,4.86,24.3,14-08-2025
U0169,18-08-2025,0,2.95,0,
U0169,25-08-2025,6,4.64,27.84,28-08-2025
U0169,01-09-2025,0,6.28,0,
U0169,08-09-2025,8,,,14-09-2025
U0169,15-09-2025,5,3.88,19.4,16-09-2025
U0169,22-09-2025,3,8.92,26.76,22-09-2025
U0170,01-09-2025,2,10.45,20.9,06-09-2025
U0170,08-09-2025,0,14.49,0,
U0170,15-09-2025,4,3.25,13,
U0170,22-09-2025,0,4.34,0,
U0170,29-09-2025,5,6.89,34.45,02-10-2025
U0170,06-10-2025,0,12.58,0,
U0171,28-07-2025,0,5.88,0,
U0171,04-08-2025,0,6.89,0,05-08-2025
U0171,11-08-2025,6,8.48,50.88,16-08-2025
U0171,18-08-2025,1,6.99,6.99,18-08-2025
U0171,25-08-2025,2,11.57,23.14,25-08-2025
U0171,01-09-2025,5,3,15,01-09-2025
U0171,08-09-2025,4,17.34,69.36,09-09-2025
U0171,15-09-2025,7,3.98,27.86,16-09-2025
U0171,22-09-2025,6,6.42,38.52,24-09-2025
U0171,29-09-2025,0,8.77,0,
U0172,08-09-2025,0,5.61,0,
U0172,15-09-2025,0,11.32,0,16-09-2025
U0172,22-09-2025,6,8.06,48.36,24-09-2025
U0172,29-09-2025,5,7.76,38.8,03-10-2025
U0172,06-10-2025,8,7.47,59.76,08-10-2025
U0173,28-07-2025,3,7.45,22.35,30-07-2025
U0173,04-08-2025,6,13.04,78.24,08-08-2025
U0173,11-08-2025,4,8.43,33.72,14-08-2025
U0173,18-08-2025,8,9.54,76.32,18-08-2025
U0173,25-08-2025,0,10.39,0,
U0173,01-09-2025,0,8.81,0,
U0173,08-09-2025,5,12.97,64.85,09-09-2025
U0173,15-09-2025,5,8.84,44.2,16-09-2025
U0173,22-09-2025,0,5.7,0,
U0173,29-09-2025,1,4.7,4.7,02-10-2025
U0174,08-09-2025,0,9.5,0,12-09-2025
U0174,15-09-2025,1,8.55,8.55,19-09-2025
U0174,22-09-2025,1,13.47,,26-09-2025
U0174,29-09-2025,0,9.37,0,
U0174,06-10-2025,0,0.77,0,
U0175,08-09-2025,4,11.24,,14-09-2025
U0175,15-09-2025,0,8.71,0,
U0175,22-09-2025,1,8.82,8.82,27-09-2025
U0175,29-09-2025,2,6.41,12.82,
U0175,06-10-2025,6,7.51,45.06,10-10-2025
U0176,04-08-2025,6,2.53,15.18,
U0176,11-08-2025,5,5.01,25.05,12-08-2025
U0176,18-08-2025,10,5.16,51.6,19-08-2025
U0176,25-08-2025,7,4.96,34.72,27-08-2025
U0176,01-09-2025,6,8.38,50.28,03-09-2025
U0176,08-09-2025,0,7.42,0,12-09-2025
U0176,15-09-2025,10,6.01,60.1,
U0176,22-09-2025,4,2.3,9.2,26-09-2025
U0176,29-09-2025,1,10.93,10.93,05-10-2025
U0176,06-10-2025,7,9.74,68.18,07-10-2025
U0177,25-08-2025,6,13.11,78.66,29-08-2025
U0177,01-09-2025,6,6.94,41.64,03-09-2025
U0177,08-09-2025,0,4.17,0,10-09-2025
U0177,15-09-2025,0,10.04,0,
U0177,22-09-2025,5,,,23-09-2025
U0177,29-09-2025,9,9.09,81.81,05-10-2025
U0177,06-10-2025,3,8.66,25.98,11-10-2025
U0178,14-07-2025,10,10.05,100.5,17-07-2025
U0178,21-07-2025,,9.64,,25-07-2025
U0178,28-07-2025,1,2.36,2.36,02-08-2025
U0178,04-08-2025,4,10.74,42.96,10-08-2025
U0178,11-08-2025,6,7.72,46.32,16-08-2025
U0178,18-08-2025,1,9.35,9.35,19-08-2025
U0178,25-08-2025,2,12.8,25.6,27-08-2025
U0178,01-09-2025,6,10.34,62.04,04-09-2025
U0178,08-09-2025,8,8.35,66.8,11-09-2025
U0178,15-09-2025,1,3.91,3.91,16-09-2025
U0179,08-09-2025,8,3.33,26.64,11-09-2025
U0179,15-09-2025,0,6.3,0,
U0179,22-09-2025,4,7.9,31.6,23-09-2025
U0179,29-09-2025,0,6.6,0,29-09-2025
U0179,06-10-2025,7,,,09-10-2025
U0180,08-09-2025,6,3.02,18.12,12-09-2025
U0180,15-09-2025,2,6.15,12.3,19-09-2025
U0180,22-09-2025,8,6.86,54.88,
U0180,29-09-2025,4,10.66,42.64,03-10-2025
U0180,06-10-2025,2,10.15,20.3,11-10-2025
U0181,01-09-2025,2,,,01-09-2025
U0181,08-09-2025,1,0.25,0.25,13-09-2025
U0181,15-09-2025,4,3.78,15.12,21-09-2025
U0181,22-09-2025,5,4.62,23.1,28-09-2025
U0181,29-09-2025,1,5.82,5.82,04-10-2025
U0181,06-10-2025,1,10.38,10.38,06-10-2025
U0182,14-07-2025,5,5.47,27.35,19-07-2025
U0182,21-07-2025,3,2.83,8.49,
U0182,28-07-2025,8,11.68,93.44,02-08-2025
U0182,04-08-2025,6,6.95,41.7,04-08-2025
U0182,11-08-2025,1,9.27,9.27,16-08-2025
U0182,18-08-2025,,10.68,,
U0182,25-08-2025,1,14.17,14.17,25-08-2025
U0182,01-09-2025,2,13.94,27.88,01-09-2025
U0182,08-09-2025,6,9.86,59.16,10-09-2025
U0182,15-09-2025,8,12.53,100.24,21-09-2025
U0183,14-07-2025,6,7.58,45.48,17-07-2025
U0183,21-07-2025,1,8.09,8.09,24-07-2025
U0183,28-07-2025,0,8.04,0,02-08-2025
U0183,04-08-2025,7,8.98,62.86,06-08-2025
U0183,11-08-2025,3,9.07,27.21,16-08-2025
U0183,18-08-2025,5,2.69,13.45,23-08-2025
U0183,25-08-2025,1,7.9,7.9,27-08-2025
U0183,01-09-2025,4,7.27,29.08,01-09-2025
U0183,08-09-2025,2,5.89,11.78,14-09-2025
U0183,15-09-2025,7,7.96,55.72,20-09-2025
U0184,18-08-2025,4,4.2,16.8,24-08-2025
U0184,25-08-2025,1,6.19,6.19,26-08-2025
U0184,01-09-2025,6,11.85,71.1,02-09-2025
U0184,08-09-2025,6,7.36,44.16,12-09-2025
U0184,15-09-2025,10,5.45,54.5,16-09-2025
U0184,22-09-2025,4,11.65,46.6,
U0184,29-09-2025,3,11.5,34.5,05-10-2025
U0184,06-10-2025,2,9.7,19.4,
U0185,11-08-2025,5,5.91,29.55,17-08-2025
U0185,18-08-2025,5,2.86,14.3,20-08-2025
U0185,25-08-2025,6,8.85,53.1,25-08-2025
U0185,01-09-2025,5,9.6,48,04-09-2025
U0185,08-09-2025,0,2.83,0,
U0185,15-09-2025,,13.25,,
U0185,22-09-2025,0,7.3,0,
U0185,29-09-2025,6,8.41,50.46,04-10-2025
U0185,06-10-2025,6,10.28,61.68,06-10-2025
U0186,04-08-2025,0,6.94,0,09-08-2025
U0186,11-08-2025,3,6.26,18.78,17-08-2025
U0186,18-08-2025,6,6.79,40.74,24-08-2025
U0186,25-08-2025,3,7.55,22.65,30-08-2025
U0186,01-09-2025,4,8.86,35.44,07-09-2025
U0186,08-09-2025,5,,,08-09-2025
U0186,15-09-2025,7,5.86,41.02,16-09-2025
U0186,22-09-2025,8,6.58,52.64,
U0186,29-09-2025,5,8.55,42.75,02-10-2025
U0186,06-10-2025,1,16.74,16.74,08-10-2025
U0187,08-09-2025,1,10.55,10.55,13-09-2025
U0187,15-09-2025,4,11.62,46.48,16-09-2025
U0187,22-09-2025,0,8.6,0,
U0187,29-09-2025,0,7.64,0,
U0187,06-10-2025,10,10.93,109.3,12-10-2025
U0188,08-09-2025,1,9.59,9.59,09-09-2025
U0188,15-09-2025,3,6.72,20.16,19-09-2025
U0188,22-09-2025,6,9.85,59.1,22-09-2025
U0188,29-09-2025,9,6.89,62.01,05-10-2025
U0188,06-10-2025,1,7,7,08-10-2025
U0189,25-08-2025,3,13.3,39.9,27-08-2025
U0189,01-09-2025,7,8.24,57.68,
U0189,08-09-2025,0,9.68,0,11-09-2025
U0189,15-09-2025,3,7.57,22.71,20-09-2025
U0189,22-09-2025,0,9.96,0,22-09-2025
U0189,29-09-2025,3,7.41,22.23,01-10-2025
U0189,06-10-2025,7,6.31,44.17,06-10-2025
U0190,04-08-2025,6,5.84,35.04,08-08-2025
U0190,11-08-2025,0,11.39,0,
U0190,18-08-2025,4,11.69,46.76,21-08-2025
U0190,25-08-2025,2,5.18,10.36,26-08-2025
U0190,01-09-2025,3,6.93,20.79,04-09-2025
U0190,08-09-2025,7,10.17,71.19,09-09-2025
U0190,15-09-2025,6,7.48,44.88,20-09-2025
U0190,22-09-2025,4,3.43,13.72,25-09-2025
U0190,29-09-2025,5,13.1,65.5,01-10-2025
U0190,06-10-2025,4,5.27,21.08,10-10-2025
U0191,28-07-2025,4,5.25,21,31-07-2025
U0191,04-08-2025,4,3.21,12.84,10-08-2025
U0191,11-08-2025,9,7.43,66.87,14-08-2025
U0191,18-08-2025,5,6.41,32.05,21-08-2025
U0191,25-08-2025,2,3.82,7.64,25-08-2025
U0191,01-09-2025,5,7.11,35.55,
U0191,08-09-2025,5,6.16,30.8,14-09-2025
U0191,15-09-2025,0,7.78,0,
U0191,22-09-2025,0,7.85,0,28-09-2025
U0191,29-09-2025,4,9.56,38.24,01-10-2025
U0192,14-07-2025,5,,,14-07-2025
U0192,21-07-2025,6,8.45,50.7,26-07-2025
U0192,28-07-2025,5,12.34,61.7,01-08-2025
U0192,04-08-2025,2,13.38,26.76,
U0192,11-08-2025,6,13.08,78.48,16-08-2025
U0192,18-08-2025,2,5.69,11.38,21-08-2025
U0192,25-08-2025,1,5.8,5.8,30-08-2025
U0192,01-09-2025,4,3.03,12.12,07-09-2025
U0192,08-09-2025,7,11.67,81.69,09-09-2025
U0192,15-09-2025,0,10.29,0,
U0193,25-08-2025,3,4.31,12.93,25-08-2025
U0193,01-09-2025,,8.03,,02-09-2025
U0193,08-09-2025,4,6.72,26.88,10-09-2025
U0193,15-09-2025,3,6.57,19.71,19-09-2025
U0193,22-09-2025,8,,,22-09-2025
U0193,29-09-2025,9,10.54,94.86,05-10-2025
U0193,06-10-2025,8,7.59,60.72,07-10-2025
U0194,14-07-2025,0,9.6,0,
U0194,21-07-2025,9,8.74,78.66,23-07-2025
U0194,28-07-2025,0,8.88,0,
U0194,04-08-2025,1,8.95,8.95,06-08-2025
U0194,11-08-2025,0,8.74,0,15-08-2025
U0194,18-08-2025,,10.07,,18-08-2025
U0194,25-08-2025,4,7.99,31.96,27-08-2025
U0194,01-09-2025,3,8.52,25.56,01-09-2025
U0194,08-09-2025,4,9.63,38.52,09-09-2025
U0194,15-09-2025,5,7,35,20-09-2025
U0195,01-09-2025,8,6.38,51.04,06-09-2025
U0195,08-09-2025,0,10.98,0,
U0195,15-09-2025,2,5.77,11.54,15-09-2025
U0195,22-09-2025,3,1.24,3.72,27-09-2025
U0195,29-09-2025,0,7.9,0,
U0195,06-10-2025,0,11.07,0,
U0196,04-08-2025,0,7.82,0,
U0196,11-08-2025,10,12.24,122.4,13-08-2025
U0196,18-08-2025,2,2.96,5.92,21-08-2025
U0196,25-08-2025,3,11.24,33.72,29-08-2025
U0196,01-09-2025,6,3.37,20.22,06-09-2025
U0196,08-09-2025,2,11.7,23.4,11-09-2025
U0196,15-09-2025,0,8.86,0,
U0196,22-09-2025,5,8.77,43.85,23-09-2025
U0196,29-09-2025,3,11.62,34.86,
U0196,06-10-2025,2,7.97,15.94,11-10-2025
U0197,18-08-2025,6,11.04,66.24,23-08-2025
U0197,25-08-2025,1,10.73,10.73,31-08-2025
U0197,01-09-2025,4,4.71,18.84,02-09-2025
U0197,08-09-2025,6,3.33,19.98,13-09-2025
U0197,15-09-2025,3,10.18,30.54,20-09-2025
U0197,22-09-2025,1,9.69,9.69,24-09-2025
U0197,29-09-2025,2,5.98,11.96,29-09-2025
U0197,06-10-2025,0,12.33,0,
U0198,25-08-2025,1,8.2,8.2,26-08-2025
U0198,01-09-2025,6,6.82,40.92,05-09-2025
U0198,08-09-2025,3,9.91,29.73,09-09-2025
U0198,15-09-2025,5,0.2,1,18-09-2025
U0198,22-09-2025,9,,,22-09-2025
U0198,29-09-2025,2,8.35,16.7,30-09-2025
U0198,06-10-2025,5,12.93,64.65,09-10-2025
U0199,08-09-2025,,9.22,,
U0199,15-09-2025,6,6.03,36.18,21-09-2025
U0199,22-09-2025,1,7.28,7.28,25-09-2025
U0199,29-09-2025,1,7.64,7.64,04-10-2025
U0199,06-10-2025,9,4.08,36.72,10-10-2025
U0200,18-08-2025,4,8.61,34.44,21-08-2025
U0200,25-08-2025,7,2.21,15.47,25-08-2025
U0200,01-09-2025,2,2.68,,01-09-2025
U0200,08-09-2025,1,12.12,12.12,12-09-2025
U0200,15-09-2025,6,6.42,38.52,15-09-2025
U0200,22-09-2025,6,8.79,52.74,23-09-2025
U0200,29-09-2025,1,4.1,4.1,05-10-2025
U0200,06-10-2025,1,8.14,8.14,07-10-2025
U0201,25-08-2025,5,0.89,4.45,31-08-2025
U0201,01-09-2025,5,15.65,78.25,05-09-2025
U0201,08-09-2025,6,4.63,27.78,11-09-2025
U0201,15-09-2025,6,6.49,38.94,21-09-2025
U0201,22-09-2025,1,5.02,5.02,28-09-2025
U0201,29-09-2025,4,7.36,29.44,03-10-2025
U0201,06-10-2025,3,7.18,21.54,07-10-2025
U0202,04-08-2025,2,9.16,18.32,08-08-2025
U0202,11-08-2025,6,9.1,54.6,14-08-2025
U0202,18-08-2025,7,,,19-08-2025
U0202,25-08-2025,1,7.86,7.86,25-08-2025
U0202,01-09-2025,8,11.53,92.24,07-09-2025
U0202,08-09-2025,1,5.69,5.69,09-09-2025
U0202,15-09-2025,2,8.89,17.78,15-09-2025
U0202,22-09-2025,3,15.23,45.69,24-09-2025
U0202,29-09-2025,2,9.25,18.5,30-09-2025
U0202,06-10-2025,6,7.3,43.8,09-10-2025
U0203,28-07-2025,6,8.14,48.84,01-08-2025
U0203,04-08-2025,0,0.2,0,
U0203,11-08-2025,0,7.05,,
U0203,18-08-2025,7,9.42,65.94,20-08-2025
U0203,25-08-2025,8,8.35,66.8,26-08-2025
U0203,01-09-2025,5,7.59,37.95,06-09-2025
U0203,08-09-2025,1,6.58,6.58,14-09-2025
U0203,15-09-2025,5,14.07,70.35,19-09-2025
U0203,22-09-2025,1,6.69,6.69,27-09-2025
U0203,29-09-2025,4,11.33,45.32,01-10-2025
U0204,25-08-2025,3,8.15,24.45,29-08-2025
U0204,01-09-2025,6,5.45,32.7,
U0204,08-09-2025,2,5.34,10.68,11-09-2025
U0204,15-09-2025,6,2.84,17.04,18-09-2025
U0204,22-09-2025,2,5.24,10.48,25-09-2025
U0204,29-09-2025,0,7.84,0,
U0204,06-10-2025,7,7.05,49.35,10-10-2025
U0205,25-08-2025,6,,,26-08-2025
U0205,01-09-2025,,7.23,,
U0205,08-09-2025,4,4.04,16.16,13-09-2025
U0205,15-09-2025,5,7.71,38.55,
U0205,22-09-2025,6,9.4,56.4,27-09-2025
U0205,29-09-2025,4,5.46,21.84,
U0205,06-10-2025,6,11.67,70.02,12-10-2025
U0206,08-09-2025,5,11.87,59.35,08-09-2025
U0206,15-09-2025,4,,,21-09-2025
U0206,22-09-2025,0,10.61,0,
U0206,29-09-2025,0,11.76,0,
U0206,06-10-2025,4,4.89,19.56,07-10-2025
U0207,21-07-2025,8,10.25,82,22-07-2025
U0207,28-07-2025,4,2.9,11.6,03-08-2025
U0207,04-08-2025,0,5.37,,
U0207,11-08-2025,9,3.82,34.38,16-08-2025
U0207,18-08-2025,4,6.17,24.68,21-08-2025
U0207,25-08-2025,2,7.77,15.54,30-08-2025
U0207,01-09-2025,2,,,06-09-2025
U0207,08-09-2025,5,5.46,27.3,11-09-2025
U0207,15-09-2025,1,2.54,2.54,19-09-2025
U0207,22-09-2025,2,13.42,26.84,25-09-2025
U0208,25-08-2025,4,4.9,19.6,25-08-2025
U0208,01-09-2025,4,7.22,28.88,03-09-2025
U0208,08-09-2025,,6.23,,
U0208,15-09-2025,4,5.59,,15-09-2025
U0208,22-09-2025,0,,,
U0208,29-09-2025,4,12.4,49.6,03-10-2025
U0208,06-10-2025,7,13.31,93.17,10-10-2025
U0209,14-07-2025,8,7.34,58.72,15-07-2025
U0209,21-07-2025,0,7.41,0,25-07-2025
U0209,28-07-2025,2,3.39,6.78,02-08-2025
U0209,04-08-2025,2,3.79,7.58,07-08-2025
U0209,11-08-2025,8,9.66,77.28,11-08-2025
U0209,18-08-2025,9,9.51,85.59,19-08-2025
U0209,25-08-2025,5,11.77,58.85,31-08-2025
U0209,01-09-2025,8,5.6,44.8,05-09-2025
U0209,08-09-2025,5,2.86,14.3,10-09-2025
U0209,15-09-2025,3,7.29,21.87,16-09-2025
U0210,21-07-2025,1,4.91,4.91,
U0210,28-07-2025,6,8.65,51.9,03-08-2025
U0210,04-08-2025,0,8.78,0,06-08-2025
U0210,11-08-2025,1,7.27,7.27,11-08-2025
U0210,18-08-2025,7,5.71,39.97,22-08-2025
U0210,25-08-2025,2,7.87,15.74,25-08-2025
U0210,01-09-2025,6,7.73,46.38,01-09-2025
U0210,08-09-2025,1,9.29,9.29,11-09-2025
U0210,15-09-2025,,10.33,,
U0210,22-09-2025,1,10.72,10.72,27-09-2025
U0211,01-09-2025,3,4.09,12.27,06-09-2025
U0211,08-09-2025,9,11.44,102.96,12-09-2025
U0211,15-09-2025,6,11.32,67.92,19-09-2025
U0211,22-09-2025,4,11.08,44.32,24-09-2025
U0211,29-09-2025,1,12.23,12.23,30-09-2025
U0211,06-10-2025,1,8.9,8.9,07-10-2025
U0212,01-09-2025,4,10.18,40.72,05-09-2025
U0212,08-09-2025,4,9.99,39.96,11-09-2025
U0212,15-09-2025,4,7.21,28.84,18-09-2025
U0212,22-09-2025,3,12.51,37.53,22-09-2025
U0212,29-09-2025,1,10.36,10.36,29-09-2025
U0212,06-10-2025,0,10.18,0,
U0213,25-08-2025,5,13.15,65.75,31-08-2025
U0213,01-09-2025,8,5.08,40.64,07-09-2025
U0213,08-09-2025,4,8.94,35.76,09-09-2025
U0213,15-09-2025,2,10.96,21.92,21-09-2025
U0213,22-09-2025,2,9.21,18.42,22-09-2025
U0213,29-09-2025,3,10.87,32.61,05-10-2025
U0213,06-10-2025,8,1.28,10.24,11-10-2025
U0214,15-09-2025,0,7.8,0,
U0214,22-09-2025,3,5.19,15.57,24-09-2025
U0214,29-09-2025,,6.72,,
U0214,06-10-2025,8,6.85,54.8,09-10-2025
U0215,21-07-2025,4,14.19,56.76,25-07-2025
U0215,28-07-2025,1,6.73,6.73,30-07-2025
U0215,04-08-2025,5,4.91,24.55,
U0215,11-08-2025,8,2.55,20.4,
U0215,18-08-2025,3,12.45,37.35,
U0215,25-08-2025,2,8.46,16.92,30-08-2025
U0215,01-09-2025,6,9.57,57.42,05-09-2025
U0215,08-09-2025,1,10.92,10.92,11-09-2025
U0215,15-09-2025,5,6.78,33.9,19-09-2025
U0215,22-09-2025,9,8.01,72.09,22-09-2025
U0216,28-07-2025,7,11.13,77.91,01-08-2025
U0216,04-08-2025,5,3.82,19.1,07-08-2025
U0216,11-08-2025,4,8.54,34.16,13-08-2025
U0216,18-08-2025,0,13.14,0,
U0216,25-08-2025,5,6.66,33.3,26-08-2025
U0216,01-09-2025,6,4.36,26.16,06-09-2025
U0216,08-09-2025,5,7.47,37.35,08-09-2025
U0216,15-09-2025,2,10.23,20.46,18-09-2025
U0216,22-09-2025,1,12.64,12.64,25-09-2025
U0216,29-09-2025,,4.26,,
U0217,14-07-2025,1,4.85,4.85,20-07-2025
U0217,21-07-2025,5,7,35,24-07-2025
U0217,28-07-2025,4,9.35,37.4,02-08-2025
U0217,04-08-2025,2,11.91,23.82,09-08-2025
U0217,11-08-2025,0,9.61,0,
U0217,18-08-2025,9,1.54,13.86,18-08-2025
U0217,25-08-2025,,10.58,,
U0217,01-09-2025,5,6.19,30.95,04-09-2025
U0217,08-09-2025,4,5.67,22.68,14-09-2025
U0217,15-09-2025,2,7.75,15.5,16-09-2025
U0218,08-09-2025,4,9.35,37.4,13-09-2025
U0218,15-09-2025,0,8.92,0,
U0218,22-09-2025,5,11.63,58.15,22-09-2025
U0218,29-09-2025,2,3.02,,01-10-2025
U0218,06-10-2025,4,7.37,29.48,
U0219,21-07-2025,4,6.14,24.56,24-07-2025
U0219,28-07-2025,0,5.14,0,
U0219,04-08-2025,4,7.13,28.52,05-08-2025
U0219,11-08-2025,4,10,40,17-08-2025
U0219,18-08-2025,5,9.27,46.35,20-08-2025
U0219,25-08-2025,3,10.34,31.02,27-08-2025
U0219,01-09-2025,2,6.27,12.54,03-09-2025
U0219,08-09-2025,5,11.23,56.15,13-09-2025
U0219,15-09-2025,4,8.8,35.2,17-09-2025
U0219,22-09-2025,4,10.92,43.68,23-09-2025
U0220,04-08-2025,5,6.57,32.85,08-08-2025
U0220,11-08-2025,10,7.6,76,15-08-2025
U0220,18-08-2025,3,,,18-08-2025
U0220,25-08-2025,0,8.61,0,
U0220,01-09-2025,5,1.81,9.05,02-09-2025
U0220,08-09-2025,,13.12,,12-09-2025
U0220,15-09-2025,0,7.5,0,
U0220,22-09-2025,6,8.14,48.84,22-09-2025
U0220,29-09-2025,1,6.95,6.95,01-10-2025
U0220,06-10-2025,2,6.95,13.9,12-10-2025
U0221,14-07-2025,,,,
U0221,21-07-2025,3,10.15,30.45,26-07-2025
U0221,28-07-2025,3,8.34,25.02,29-07-2025
U0221,04-08-2025,5,6.32,31.6,05-08-2025
U0221,11-08-2025,2,8.43,16.86,11-08-2025
U0221,18-08-2025,0,8.27,0,19-08-2025
U0221,25-08-2025,5,13.16,65.8,29-08-2025
U0221,01-09-2025,3,14.07,42.21,04-09-2025
U0221,08-09-2025,0,9.21,0,08-09-2025
U0221,15-09-2025,4,2.25,9,15-09-2025
U0222,08-09-2025,6,4.51,27.06,13-09-2025
U0222,15-09-2025,3,3.11,9.33,16-09-2025
U0222,22-09-2025,0,6.09,0,
U0222,29-09-2025,7,6.76,47.32,29-09-2025
U0222,06-10-2025,1,4.28,4.28,08-10-2025
U0223,04-08-2025,6,3.8,22.8,06-08-2025
U0223,11-08-2025,8,11.91,95.28,13-08-2025
U0223,18-08-2025,7,10.19,71.33,24-08-2025
U0223,25-08-2025,7,11.16,78.12,31-08-2025
U0223,01-09-2025,3,15.1,45.3,04-09-2025
U0223,08-09-2025,11,0.6,6.6,09-09-2025
U0223,15-09-2025,1,5.47,5.47,21-09-2025
U0223,22-09-2025,2,7.29,14.58,26-09-2025
U0223,29-09-2025,4,9.04,36.16,29-09-2025
U0223,06-10-2025,4,,,08-10-2025
U0224,04-08-2025,0,2.96,0,
U0224,11-08-2025,2,5.06,10.12,15-08-2025
U0224,18-08-2025,1,,,19-08-2025
U0224,25-08-2025,4,10.05,40.2,25-08-2025
U0224,01-09-2025,1,4.91,4.91,04-09-2025
U0224,08-09-2025,10,10.11,101.1,10-09-2025
U0224,15-09-2025,5,11.72,58.6,17-09-2025
U0224,22-09-2025,5,3.4,17,26-09-2025
U0224,29-09-2025,6,10.86,65.16,30-09-2025
U0224,06-10-2025,4,6.3,25.2,08-10-2025
U0225,21-07-2025,0,4.85,0,22-07-2025
U0225,28-07-2025,1,10.87,10.87,30-07-2025
U0225,04-08-2025,7,8.21,57.47,10-08-2025
U0225,11-08-2025,3,14.04,42.12,13-08-2025
U0225,18-08-2025,3,6.76,20.28,20-08-2025
U0225,25-08-2025,8,7.7,61.6,26-08-2025
U0225,01-09-2025,4,,,05-09-2025
U0225,08-09-2025,4,4.91,19.64,09-09-2025
U0225,15-09-2025,5,9.59,47.95,20-09-2025
U0225,22-09-2025,2,4.4,8.8,22-09-2025
U0226,08-09-2025,5,8.07,40.35,14-09-2025
U0226,15-09-2025,4,10.83,43.32,20-09-2025
U0226,22-09-2025,2,14.14,28.28,28-09-2025
U0226,29-09-2025,6,11.51,69.06,01-10-2025
U0226,06-10-2025,7,5.49,38.43,
U0227,28-07-2025,7,5.72,40.04,31-07-2025
U0227,04-08-2025,5,14.69,73.45,06-08-2025
U0227,11-08-2025,5,10.87,54.35,13-08-2025
U0227,18-08-2025,5,8.55,42.75,23-08-2025
U0227,25-08-2025,3,9.6,28.8,27-08-2025
U0227,01-09-2025,0,8.24,0,
U0227,08-09-2025,1,13.45,13.45,
U0227,15-09-2025,5,8.13,40.65,15-09-2025
U0227,22-09-2025,,5.94,,
U0227,29-09-2025,3,11.26,33.78,01-10-2025
U0228,11-08-2025,0,1.35,0,13-08-2025
U0228,18-08-2025,5,9.68,48.4,24-08-2025
U0228,25-08-2025,2,9.13,18.26,27-08-2025
U0228,01-09-2025,1,2.94,2.94,05-09-2025
U0228,08-09-2025,1,6.2,6.2,13-09-2025
U0228,15-09-2025,0,6.35,0,20-09-2025
U0228,22-09-2025,6,9.04,54.24,27-09-2025
U0228,29-09-2025,6,9.3,55.8,05-10-2025
U0228,06-10-2025,3,6.08,18.24,08-10-2025
U0229,04-08-2025,4,6.33,25.32,05-08-2025
U0229,11-08-2025,8,6.21,49.68,17-08-2025
U0229,18-08-2025,6,4.26,25.56,19-08-2025
U0229,25-08-2025,5,9.3,46.5,30-08-2025
U0229,01-09-2025,2,7.74,15.48,02-09-2025
U0229,08-09-2025,7,9.76,68.32,12-09-2025
U0229,15-09-2025,4,3.25,13,17-09-2025
U0229,22-09-2025,1,8.24,8.24,27-09-2025
U0229,29-09-2025,0,4.89,0,01-10-2025
U0229,06-10-2025,5,5.85,29.25,06-10-2025
U0230,28-07-2025,3,10.38,31.14,29-07-2025
U0230,04-08-2025,2,6.42,12.84,04-08-2025
U0230,11-08-2025,1,10.91,10.91,11-08-2025
U0230,18-08-2025,4,8.92,35.68,24-08-2025
U0230,25-08-2025,0,,,
U0230,01-09-2025,4,13.66,54.64,07-09-2025
U0230,08-09-2025,1,5.7,5.7,10-09-2025
U0230,15-09-2025,2,7.48,14.96,16-09-2025
U0230,22-09-2025,7,5.57,38.99,26-09-2025
U0230,29-09-2025,1,10.1,10.1,05-10-2025
U0231,14-07-2025,2,,,19-07-2025
U0231,21-07-2025,1,10.13,10.13,27-07-2025
U0231,28-07-2025,3,7.09,21.27,29-07-2025
U0231,04-08-2025,7,8.1,56.7,10-08-2025
U0231,11-08-2025,1,10.98,10.98,15-08-2025
U0231,18-08-2025,6,6.75,40.5,22-08-2025
U0231,25-08-2025,4,7.01,28.04,27-08-2025
U0231,01-09-2025,7,7.35,51.45,03-09-2025
U0231,08-09-2025,3,4.75,14.25,14-09-2025
U0231,15-09-2025,9,3.42,30.78,20-09-2025
U0232,01-09-2025,4,3.72,14.88,05-09-2025
U0232,08-09-2025,0,9.23,0,
U0232,15-09-2025,2,5.13,10.26,15-09-2025
U0232,22-09-2025,7,6.68,46.76,28-09-2025
U0232,29-09-2025,1,8.32,8.32,02-10-2025
U0232,06-10-2025,0,6.49,0,
U0233,14-07-2025,5,12.36,61.8,17-07-2025
U0233,21-07-2025,2,7.68,15.36,21-07-2025
U0233,28-07-2025,7,9.15,64.05,28-07-2025
U0233,04-08-2025,5,9.15,45.75,09-08-2025
U0233,11-08-2025,5,9.99,49.95,16-08-2025
U0233,18-08-2025,4,7.48,29.92,20-08-2025
U0233,25-08-2025,5,10.53,52.65,31-08-2025
U0233,01-09-2025,0,5.07,0,
U0233,08-09-2025,2,10.38,20.76,12-09-2025
U0233,15-09-2025,2,4.28,8.56,20-09-2025
U0234,25-08-2025,0,3.73,0,30-08-2025
U0234,01-09-2025,0,11.63,0,
U0234,08-09-2025,1,5.08,5.08,09-09-2025
U0234,15-09-2025,6,7.7,46.2,16-09-2025
U0234,22-09-2025,3,6.08,18.24,25-09-2025
U0234,29-09-2025,8,5.25,42,03-10-2025
U0234,06-10-2025,2,,,06-10-2025
U0235,14-07-2025,9,7.51,67.59,19-07-2025
U0235,21-07-2025,6,6.54,39.24,23-07-2025
U0235,28-07-2025,2,6.76,13.52,31-07-2025
U0235,04-08-2025,1,5.68,5.68,10-08-2025
U0235,11-08-2025,0,4.51,0,
U0235,18-08-2025,3,7.79,23.37,19-08-2025
U0235,25-08-2025,0,8.61,0,25-08-2025
U0235,01-09-2025,4,11.53,46.12,04-09-2025
U0235,08-09-2025,6,8.8,52.8,13-09-2025
U0235,15-09-2025,,7.93,,
U0236,21-07-2025,1,10,10,21-07-2025
U0236,28-07-2025,5,9.45,47.25,30-07-2025
U0236,04-08-2025,1,8.9,8.9,09-08-2025
U0236,11-08-2025,0,2.9,0,
U0236,18-08-2025,8,12.75,102,22-08-2025
U0236,25-08-2025,0,9.13,0,
U0236,01-09-2025,0,5.49,0,
U0236,08-09-2025,1,8.24,8.24,08-09-2025
U0236,15-09-2025,0,6.75,0,
U0236,22-09-2025,,7.72,,
U0237,21-07-2025,4,9.4,37.6,21-07-2025
U0237,28-07-2025,5,6.47,32.35,02-08-2025
U0237,04-08-2025,2,10.12,20.24,07-08-2025
U0237,11-08-2025,0,,,
U0237,18-08-2025,5,6.32,31.6,23-08-2025
U0237,25-08-2025,6,8.65,51.9,25-08-2025
U0237,01-09-2025,7,4.58,32.06,06-09-2025
U0237,08-09-2025,1,13.92,13.92,13-09-2025
U0237,15-09-2025,4,9.79,39.16,15-09-2025
U0237,22-09-2025,3,4.8,14.4,25-09-2025
U0238,21-07-2025,0,7.4,0,25-07-2025
U0238,28-07-2025,3,10.57,31.71,01-08-2025
U0238,04-08-2025,4,,,06-08-2025
U0238,11-08-2025,2,8.65,17.3,12-08-2025
U0238,18-08-2025,,,,
U0238,25-08-2025,,,,28-08-2025
U0238,01-09-2025,0,3.94,0,
U0238,08-09-2025,0,5.48,0,
U0238,15-09-2025,2,5.9,11.8,15-09-2025
U0238,22-09-2025,8,7.22,57.76,22-09-2025
U0239,18-08-2025,5,5.17,25.85,22-08-2025
U0239,25-08-2025,5,14.44,72.2,25-08-2025
U0239,01-09-2025,1,2.52,2.52,02-09-2025
U0239,08-09-2025,3,7.27,21.81,13-09-2025
U0239,15-09-2025,7,6.41,44.87,15-09-2025
U0239,22-09-2025,2,6.51,13.02,25-09-2025
U0239,29-09-2025,9,10.16,91.44,04-10-2025
U0239,06-10-2025,0,0.69,0,
U0240,01-09-2025,3,6.04,18.12,06-09-2025
U0240,08-09-2025,4,6,24,10-09-2025
U0240,15-09-2025,4,11.68,46.72,20-09-2025
U0240,22-09-2025,3,9.98,29.94,
U0240,29-09-2025,6,5.83,34.98,05-10-2025
U0240,06-10-2025,8,8.77,70.16,07-10-2025
U0241,21-07-2025,5,11.12,55.6,25-07-2025
U0241,28-07-2025,5,5.59,27.95,29-07-2025
U0241,04-08-2025,3,11.59,34.77,10-08-2025
U0241,11-08-2025,3,8.12,24.36,17-08-2025
U0241,18-08-2025,10,6.2,62,22-08-2025
U0241,25-08-2025,2,2.67,5.34,30-08-2025
U0241,01-09-2025,1,12.76,12.76,05-09-2025
U0241,08-09-2025,4,9.49,37.96,13-09-2025
U0241,15-09-2025,5,6.52,32.6,21-09-2025
U0241,22-09-2025,8,6.42,51.36,26-09-2025
U0242,08-09-2025,5,7.5,37.5,11-09-2025
U0242,15-09-2025,7,8.77,61.39,15-09-2025
U0242,22-09-2025,1,4.13,4.13,25-09-2025
U0242,29-09-2025,1,6.29,6.29,04-10-2025
U0242,06-10-2025,7,5.81,40.67,12-10-2025
U0243,25-08-2025,8,10.89,87.12,28-08-2025
U0243,01-09-2025,6,9.99,59.94,01-09-2025
U0243,08-09-2025,1,8.33,8.33,14-09-2025
U0243,15-09-2025,4,5.34,21.36,17-09-2025
U0243,22-09-2025,4,7.97,31.88,27-09-2025
U0243,29-09-2025,1,11.86,11.86,05-10-2025
U0243,06-10-2025,,6.87,,
U0244,01-09-2025,7,6.92,48.44,01-09-2025
U0244,08-09-2025,3,10.16,30.48,12-09-2025
U0244,15-09-2025,4,6.69,26.76,16-09-2025
U0244,22-09-2025,3,5.06,15.18,23-09-2025
U0244,29-09-2025,7,4.28,29.96,01-10-2025
U0244,06-10-2025,3,5.24,15.72,12-10-2025
U0245,04-08-2025,8,11.15,89.2,10-08-2025
U0245,11-08-2025,5,8.64,43.2,14-08-2025
U0245,18-08-2025,5,,,20-08-2025
U0245,25-08-2025,2,8.06,16.12,30-08-2025
U0245,01-09-2025,3,7.42,22.26,07-09-2025
U0245,08-09-2025,6,3.43,20.58,10-09-2025
U0245,15-09-2025,1,2.1,2.1,19-09-2025
U0245,22-09-2025,5,10.34,51.7,28-09-2025
U0245,29-09-2025,7,6.54,45.78,02-10-2025
U0245,06-10-2025,7,9.17,64.19,08-10-2025
U0246,01-09-2025,1,11.91,11.91,05-09-2025
U0246,08-09-2025,7,6.99,48.93,11-09-2025
U0246,15-09-2025,7,6.1,42.7,16-09-2025
U0246,22-09-2025,1,6.36,6.36,23-09-2025
U0246,29-09-2025,0,6.25,0,04-10-2025
U0246,06-10-2025,9,6.89,,08-10-2025
U0247,21-07-2025,6,5.41,32.46,27-07-2025
U0247,28-07-2025,2,9.94,19.88,29-07-2025
U0247,04-08-2025,0,2.88,0,
U0247,11-08-2025,1,13.26,13.26,17-08-2025
U0247,18-08-2025,4,10.48,41.92,24-08-2025
U0247,25-08-2025,5,7.18,35.9,28-08-2025
U0247,01-09-2025,3,8.78,26.34,04-09-2025
U0247,08-09-2025,6,7.95,47.7,09-09-2025
U0247,15-09-2025,2,1.77,3.54,20-09-2025
U0247,22-09-2025,8,3.7,29.6,22-09-2025
U0248,08-09-2025,7,7.83,54.81,
U0248,15-09-2025,5,7.22,36.1,19-09-2025
U0248,22-09-2025,3,11.77,35.31,26-09-2025
U0248,29-09-2025,12,4.11,49.32,03-10-2025
U0248,06-10-2025,6,13.5,81,06-10-2025
U0249,25-08-2025,5,9.37,46.85,27-08-2025
U0249,01-09-2025,1,7.72,7.72,01-09-2025
U0249,08-09-2025,4,2.97,11.88,14-09-2025
U0249,15-09-2025,5,8.66,43.3,18-09-2025
U0249,22-09-2025,2,,,27-09-2025
U0249,29-09-2025,1,11.11,11.11,30-09-2025
U0249,06-10-2025,2,6.36,12.72,06-10-2025
U0250,04-08-2025,1,11.05,11.05,04-08-2025
U0250,11-08-2025,5,9.6,48,13-08-2025
U0250,18-08-2025,,3.54,,
U0250,25-08-2025,5,9.3,46.5,30-08-2025
U0250,01-09-2025,3,,,01-09-2025
U0250,08-09-2025,3,8.68,26.04,09-09-2025
U0250,15-09-2025,1,7.35,7.35,17-09-2025
U0250,22-09-2025,2,12.11,24.22,28-09-2025
U0250,29-09-2025,1,7.9,7.9,30-09-2025
U0250,06-10-2025,8,8.45,67.6,10-10-2025
